{
  "last_close": 126.72000122070312,
  "prev_close": 127.19000244140625,
  "asof": "2025-09-18T00:42:22Z"
}