{
  "last_close": 32.86000061035156,
  "prev_close": 33.47999954223633,
  "asof": "2025-09-18T00:54:52Z"
}