{
  "last_close": 12.479999542236328,
  "prev_close": 12.40999984741211,
  "asof": "2025-09-18T00:49:24Z"
}