{
  "last_close": 80.5199966430664,
  "prev_close": 83.98999786376953,
  "asof": "2025-09-18T00:49:21Z"
}