{
  "last_close": 238.57000732421875,
  "prev_close": 238.14999389648438,
  "asof": "2025-09-17T18:21:08Z"
}