{
  "last_close": 239.59500122070312,
  "prev_close": 234.07000732421875,
  "asof": "2025-09-17T15:59:50Z"
}