{
  "last_close": 239.51499938964844,
  "prev_close": 238.14999389648438,
  "asof": "2025-09-17T15:49:37Z"
}