{
  "last_close": 238.99000549316406,
  "prev_close": 238.14999389648438,
  "asof": "2025-09-18T00:53:05Z"
}