{
  "last_close": 239.36000061035156,
  "prev_close": 234.07000732421875,
  "asof": "2025-09-17T16:08:17Z"
}