{
  "last_close": 220.80999755859375,
  "prev_close": 216.25999450683594,
  "asof": "2025-09-18T00:44:52Z"
}