{
  "last_close": 123.19999694824219,
  "prev_close": 121.66000366210938,
  "asof": "2025-09-17T23:37:36Z"
}