{
  "last_close": 123.19999694824219,
  "prev_close": 121.66000366210938,
  "asof": "2025-09-18T00:28:32Z"
}