{
  "last_close": 134.1699981689453,
  "prev_close": 132.75999450683594,
  "asof": "2025-09-18T00:46:34Z"
}