{
  "last_close": 7.699999809265137,
  "prev_close": 7.730000019073486,
  "asof": "2025-09-18T00:50:28Z"
}