{
  "last_close": 87.3499984741211,
  "prev_close": 87.37999725341797,
  "asof": "2025-09-18T00:38:42Z"
}