{
  "last_close": 18.389999389648438,
  "prev_close": 18.450000762939453,
  "asof": "2025-09-18T00:30:31Z"
}