{
  "last_close": 241.24000549316406,
  "prev_close": 236.80999755859375,
  "asof": "2025-09-18T00:50:48Z"
}