{
  "last_close": 362.07000732421875,
  "prev_close": 352.7300109863281,
  "asof": "2025-09-18T00:52:17Z"
}