{
  "last_close": 71.9800033569336,
  "prev_close": 72.05999755859375,
  "asof": "2025-09-18T00:55:09Z"
}