{
  "last_close": 246.32000732421875,
  "prev_close": 244.10000610351562,
  "asof": "2025-09-18T00:51:28Z"
}