{
  "last_close": 61.09000015258789,
  "prev_close": 62.349998474121094,
  "asof": "2025-09-18T00:30:32Z"
}