{
  "last_close": 319.2799987792969,
  "prev_close": 318.510009765625,
  "asof": "2025-09-18T00:51:04Z"
}