{
  "last_close": 8.609999656677246,
  "prev_close": 8.680000305175781,
  "asof": "2025-09-18T00:28:43Z"
}