{
  "last_close": 98.97000122070312,
  "prev_close": 98.55999755859375,
  "asof": "2025-09-18T00:56:27Z"
}