{
  "last_close": 7.699999809265137,
  "prev_close": 7.690000057220459,
  "asof": "2025-09-18T00:40:42Z"
}