{
  "last_close": 153.1999969482422,
  "prev_close": 152.39999389648438,
  "asof": "2025-09-18T00:54:16Z"
}