{
  "last_close": 107.5199966430664,
  "prev_close": 106.83999633789062,
  "asof": "2025-09-18T00:56:35Z"
}