{
  "last_close": 120.87999725341797,
  "prev_close": 120.16999816894531,
  "asof": "2025-09-18T00:48:16Z"
}