{
  "last_close": 12.510000228881836,
  "prev_close": 12.699999809265137,
  "asof": "2025-09-18T00:56:19Z"
}