{
  "last_close": 109.2300033569336,
  "prev_close": 107.62999725341797,
  "asof": "2025-09-18T00:39:57Z"
}