{
  "last_close": 90.4000015258789,
  "prev_close": 89.95999908447266,
  "asof": "2025-09-18T00:41:03Z"
}