{
  "last_close": 10.050000190734863,
  "prev_close": 10.369999885559082,
  "asof": "2025-09-18T00:54:48Z"
}