{
  "last_close": 31.3700008392334,
  "prev_close": 31.610000610351562,
  "asof": "2025-09-18T00:54:34Z"
}