{
  "last_close": 10.210000038146973,
  "prev_close": 10.130000114440918,
  "asof": "2025-09-18T00:36:23Z"
}