{
  "last_close": 42.040000915527344,
  "prev_close": 42.290000915527344,
  "asof": "2025-09-18T00:55:35Z"
}