{
  "last_close": 76.80000305175781,
  "prev_close": 76.33999633789062,
  "asof": "2025-09-18T00:39:33Z"
}