{
  "last_close": 292.6600036621094,
  "prev_close": 291.4599914550781,
  "asof": "2025-09-18T00:34:39Z"
}