{
  "last_close": 75.83999633789062,
  "prev_close": 76.37999725341797,
  "asof": "2025-09-18T00:50:33Z"
}