{
  "last_close": 63.54999923706055,
  "prev_close": 63.560001373291016,
  "asof": "2025-09-18T00:49:39Z"
}