{
  "last_close": 249.3800048828125,
  "prev_close": 238.7899932861328,
  "asof": "2025-09-18T00:51:16Z"
}