{
  "last_close": 80.16000366210938,
  "prev_close": 80.94000244140625,
  "asof": "2025-09-18T00:54:50Z"
}