{
  "last_close": 77.19999694824219,
  "prev_close": 77.63999938964844,
  "asof": "2025-09-18T00:43:39Z"
}