{
  "last_close": 129.44000244140625,
  "prev_close": 131.82000732421875,
  "asof": "2025-09-18T00:41:56Z"
}