{
  "last_close": 58.4900016784668,
  "prev_close": 57.599998474121094,
  "asof": "2025-09-18T00:49:01Z"
}