{
  "last_close": 43.95000076293945,
  "prev_close": 43.29999923706055,
  "asof": "2025-09-18T00:39:44Z"
}