{
  "last_close": 451.7250061035156,
  "prev_close": 461.239990234375,
  "asof": "2025-09-18T00:45:14Z"
}