{
  "last_close": 18.520000457763672,
  "prev_close": 18.309999465942383,
  "asof": "2025-09-18T00:32:37Z"
}