{
  "last_close": 18.520000457763672,
  "prev_close": 18.309999465942383,
  "asof": "2025-09-17T22:13:18Z"
}