{
  "last_close": 178.1300048828125,
  "prev_close": 173.5399932861328,
  "asof": "2025-09-18T00:51:23Z"
}