{
  "last_close": 8.279999732971191,
  "prev_close": 8.390000343322754,
  "asof": "2025-09-18T00:54:09Z"
}