{
  "last_close": 159.16000366210938,
  "prev_close": 160.4600067138672,
  "asof": "2025-09-18T00:53:09Z"
}