{
  "last_close": 274.7099914550781,
  "prev_close": 273.0799865722656,
  "asof": "2025-09-18T00:43:05Z"
}