{
  "last_close": 33.279998779296875,
  "prev_close": 33.36000061035156,
  "asof": "2025-09-18T00:54:59Z"
}