{
  "last_close": 26.6200008392334,
  "prev_close": 27.040000915527344,
  "asof": "2025-09-18T00:52:39Z"
}