{
  "last_close": 53.79999923706055,
  "prev_close": 54.59000015258789,
  "asof": "2025-09-18T00:53:59Z"
}