{
  "last_close": 197.22000122070312,
  "prev_close": 194.72999572753906,
  "asof": "2025-09-18T00:55:14Z"
}