{
  "last_close": 22.239999771118164,
  "prev_close": 22.649999618530273,
  "asof": "2025-09-18T00:49:16Z"
}