{
  "last_close": 231.6199951171875,
  "prev_close": 234.0500030517578,
  "asof": "2025-09-17T21:24:04Z"
}