{
  "last_close": 231.6199951171875,
  "prev_close": 234.0500030517578,
  "asof": "2025-09-18T00:28:24Z"
}