{
  "last_close": 231.0500030517578,
  "prev_close": 234.0500030517578,
  "asof": "2025-09-17T15:49:39Z"
}