{
  "last_close": 230.76499938964844,
  "prev_close": 231.42999267578125,
  "asof": "2025-09-17T16:08:19Z"
}