{
  "last_close": 230.61000061035156,
  "prev_close": 234.0500030517578,
  "asof": "2025-09-17T18:21:10Z"
}