{
  "last_close": 142.83999633789062,
  "prev_close": 142.16000366210938,
  "asof": "2025-09-17T22:05:39Z"
}