{
  "last_close": 73.12000274658203,
  "prev_close": 73.61000061035156,
  "asof": "2025-09-18T00:47:47Z"
}