{
  "last_close": 24.155000686645508,
  "prev_close": 24.510000228881836,
  "asof": "2025-09-18T00:31:25Z"
}