{
  "last_close": 34.689998626708984,
  "prev_close": 35.04999923706055,
  "asof": "2025-09-18T00:47:51Z"
}