{
  "last_close": 118.41000366210938,
  "prev_close": 119.04000091552734,
  "asof": "2025-09-18T00:52:03Z"
}