{
  "last_close": 138.82000732421875,
  "prev_close": 140.0500030517578,
  "asof": "2025-09-18T00:40:52Z"
}