{
  "last_close": 606.6599731445312,
  "prev_close": 603.7999877929688,
  "asof": "2025-09-17T22:12:49Z"
}