{
  "last_close": 82.87999725341797,
  "prev_close": 83.12000274658203,
  "asof": "2025-09-17T23:37:00Z"
}