{
  "last_close": 32.2599983215332,
  "prev_close": 32.83000183105469,
  "asof": "2025-09-18T00:32:34Z"
}