{
  "last_close": 21.09000015258789,
  "prev_close": 21.15999984741211,
  "asof": "2025-09-18T00:36:30Z"
}