{
  "last_close": 178.88999938964844,
  "prev_close": 178.61000061035156,
  "asof": "2025-09-18T00:34:43Z"
}