{
  "last_close": 153.3699951171875,
  "prev_close": 153.85000610351562,
  "asof": "2025-09-18T00:50:39Z"
}