{
  "last_close": 37.459999084472656,
  "prev_close": 37.560001373291016,
  "asof": "2025-09-18T00:28:10Z"
}