{
  "last_close": 37.09000015258789,
  "prev_close": 37.09000015258789,
  "asof": "2025-09-17T23:36:47Z"
}