{
  "last_close": 37.09000015258789,
  "prev_close": 37.09000015258789,
  "asof": "2025-09-18T00:27:50Z"
}