{
  "last_close": 872.27001953125,
  "prev_close": 878.4199829101562,
  "asof": "2025-09-18T00:52:50Z"
}