{
  "last_close": 41.189998626708984,
  "prev_close": 40.43000030517578,
  "asof": "2025-09-18T00:26:19Z"
}