{
  "last_close": 11.300000190734863,
  "prev_close": 11.300000190734863,
  "asof": "2025-09-18T00:52:09Z"
}