{
  "last_close": 78.44000244140625,
  "prev_close": 79.47000122070312,
  "asof": "2025-09-18T00:49:52Z"
}