{
  "last_close": 64.5199966430664,
  "prev_close": 65.5999984741211,
  "asof": "2025-09-18T00:54:45Z"
}