{
  "last_close": 35.220001220703125,
  "prev_close": 34.720001220703125,
  "asof": "2025-09-18T00:39:10Z"
}