{
  "last_close": 5.889999866485596,
  "prev_close": 6.059999942779541,
  "asof": "2025-09-18T00:53:08Z"
}