{
  "last_close": 272.07000732421875,
  "prev_close": 265.8699951171875,
  "asof": "2025-09-18T00:50:01Z"
}