{
  "last_close": 12.399999618530273,
  "prev_close": 12.710000038146973,
  "asof": "2025-09-18T00:41:17Z"
}