{
  "last_close": 77.69000244140625,
  "prev_close": 77.55999755859375,
  "asof": "2025-09-18T00:43:31Z"
}