{
  "last_close": 29.479999542236328,
  "prev_close": 28.84000015258789,
  "asof": "2025-09-18T00:53:50Z"
}