{
  "last_close": 214.6300048828125,
  "prev_close": 215.02000427246094,
  "asof": "2025-09-18T00:47:59Z"
}