{
  "last_close": 166.1699981689453,
  "prev_close": 162.2100067138672,
  "asof": "2025-09-17T23:37:45Z"
}