{
  "last_close": 51.400001525878906,
  "prev_close": 50.65999984741211,
  "asof": "2025-09-18T00:37:03Z"
}