{
  "last_close": 101.58000183105469,
  "prev_close": 101.83000183105469,
  "asof": "2025-09-18T00:50:04Z"
}