{
  "last_close": 49.040000915527344,
  "prev_close": 49.72999954223633,
  "asof": "2025-09-18T00:54:33Z"
}