{
  "last_close": 58.68000030517578,
  "prev_close": 58.52000045776367,
  "asof": "2025-09-18T00:37:14Z"
}