{
  "last_close": 23.200000762939453,
  "prev_close": 23.8700008392334,
  "asof": "2025-09-18T00:43:19Z"
}