{
  "last_close": 51.18000030517578,
  "prev_close": 51.4900016784668,
  "asof": "2025-09-18T00:42:37Z"
}