{
  "last_close": 19.010000228881836,
  "prev_close": 19.18000030517578,
  "asof": "2025-09-18T00:37:40Z"
}