{
  "last_close": 25.729999542236328,
  "prev_close": 26.020000457763672,
  "asof": "2025-09-17T23:36:18Z"
}