{
  "last_close": 74.5199966430664,
  "prev_close": 74.04000091552734,
  "asof": "2025-09-18T00:26:48Z"
}