{
  "last_close": 23.489999771118164,
  "prev_close": 23.43000030517578,
  "asof": "2025-09-17T23:34:27Z"
}