{
  "last_close": 20.770000457763672,
  "prev_close": 20.6299991607666,
  "asof": "2025-09-18T00:36:59Z"
}