{
  "last_close": 187.57000732421875,
  "prev_close": 186.2100067138672,
  "asof": "2025-09-18T00:43:22Z"
}