{
  "last_close": 79.66999816894531,
  "prev_close": 73.29000091552734,
  "asof": "2025-09-18T00:49:42Z"
}