{
  "last_close": 20.360000610351562,
  "prev_close": 19.989999771118164,
  "asof": "2025-09-18T00:55:26Z"
}