{
  "last_close": 24.209999084472656,
  "prev_close": 24.239999771118164,
  "asof": "2025-09-18T00:35:03Z"
}