{
  "last_close": 27.43000030517578,
  "prev_close": 27.31999969482422,
  "asof": "2025-09-18T00:30:34Z"
}