{
  "last_close": 80.41000366210938,
  "prev_close": 83.69000244140625,
  "asof": "2025-09-18T00:30:17Z"
}