{
  "last_close": 53.16999816894531,
  "prev_close": 54.11000061035156,
  "asof": "2025-09-18T00:54:20Z"
}