{
  "last_close": 137.8300018310547,
  "prev_close": 123.79000091552734,
  "asof": "2025-09-17T23:35:15Z"
}