{
  "last_close": 137.8300018310547,
  "prev_close": 123.79000091552734,
  "asof": "2025-09-18T00:26:22Z"
}