{
  "last_close": 144.8699951171875,
  "prev_close": 143.67999267578125,
  "asof": "2025-09-18T00:42:34Z"
}