{
  "last_close": 28.020000457763672,
  "prev_close": 27.389999389648438,
  "asof": "2025-09-18T00:26:23Z"
}