{
  "last_close": 51.939998626708984,
  "prev_close": 51.369998931884766,
  "asof": "2025-09-18T00:51:26Z"
}