{
  "last_close": 45.63999938964844,
  "prev_close": 45.65999984741211,
  "asof": "2025-09-17T23:36:15Z"
}