{
  "last_close": 45.63999938964844,
  "prev_close": 45.65999984741211,
  "asof": "2025-09-18T00:27:17Z"
}