{
  "last_close": 99.26000213623047,
  "prev_close": 99.44000244140625,
  "asof": "2025-09-18T00:30:38Z"
}