{
  "last_close": 107.01000213623047,
  "prev_close": 105.48999786376953,
  "asof": "2025-09-18T00:40:35Z"
}