{
  "last_close": 46.47999954223633,
  "prev_close": 47.22999954223633,
  "asof": "2025-09-18T00:31:17Z"
}