{
  "last_close": 129.27999877929688,
  "prev_close": 136.99000549316406,
  "asof": "2025-09-18T00:47:29Z"
}