{
  "last_close": 57.06999969482422,
  "prev_close": 55.93000030517578,
  "asof": "2025-09-18T00:53:32Z"
}