{
  "last_close": 54.369998931884766,
  "prev_close": 53.939998626708984,
  "asof": "2025-09-18T00:41:53Z"
}