{
  "last_close": 46.150001525878906,
  "prev_close": 46.34000015258789,
  "asof": "2025-09-18T00:42:08Z"
}