{
  "last_close": 69.3499984741211,
  "prev_close": 69.76000213623047,
  "asof": "2025-09-18T00:33:34Z"
}