{
  "last_close": 64.63999938964844,
  "prev_close": 64.80000305175781,
  "asof": "2025-09-18T00:33:37Z"
}