{
  "last_close": 34.29999923706055,
  "prev_close": 34.43000030517578,
  "asof": "2025-09-18T00:30:56Z"
}