{
  "last_close": 492.3299865722656,
  "prev_close": 490.989990234375,
  "asof": "2025-09-18T00:35:55Z"
}