{
  "last_close": 92.20999908447266,
  "prev_close": 90.91999816894531,
  "asof": "2025-09-18T00:35:24Z"
}