{
  "last_close": 57.95000076293945,
  "prev_close": 59.34000015258789,
  "asof": "2025-09-17T22:13:06Z"
}