{
  "last_close": 27.799999237060547,
  "prev_close": 27.889999389648438,
  "asof": "2025-09-18T00:55:29Z"
}