{
  "last_close": 52.7400016784668,
  "prev_close": 52.220001220703125,
  "asof": "2025-09-18T00:51:46Z"
}