{
  "last_close": 56.029998779296875,
  "prev_close": 55.790000915527344,
  "asof": "2025-09-17T23:39:00Z"
}