{
  "last_close": 58.81999969482422,
  "prev_close": 57.93000030517578,
  "asof": "2025-09-18T00:29:58Z"
}