{
  "last_close": 12.609999656677246,
  "prev_close": 13.050000190734863,
  "asof": "2025-09-18T00:33:02Z"
}