{
  "last_close": 44.18000030517578,
  "prev_close": 43.54999923706055,
  "asof": "2025-09-17T23:36:52Z"
}