{
  "last_close": 168.3800048828125,
  "prev_close": 176.64999389648438,
  "asof": "2025-09-18T00:48:46Z"
}