{
  "last_close": 183.6199951171875,
  "prev_close": 183.72000122070312,
  "asof": "2025-09-18T00:33:41Z"
}