{
  "last_close": 76.43000030517578,
  "prev_close": 78.93000030517578,
  "asof": "2025-09-18T00:55:53Z"
}