{
  "last_close": 27.540000915527344,
  "prev_close": 27.540000915527344,
  "asof": "2025-09-18T00:35:44Z"
}