{
  "last_close": 82.83999633789062,
  "prev_close": 82.1500015258789,
  "asof": "2025-09-18T00:27:53Z"
}