{
  "last_close": 82.83999633789062,
  "prev_close": 82.1500015258789,
  "asof": "2025-09-17T23:36:50Z"
}