{
  "last_close": 24.90999984741211,
  "prev_close": 24.809999465942383,
  "asof": "2025-09-18T00:49:37Z"
}