{
  "last_close": 101.76000213623047,
  "prev_close": 100.63999938964844,
  "asof": "2025-09-18T00:40:24Z"
}