{
  "last_close": 36.849998474121094,
  "prev_close": 36.47999954223633,
  "asof": "2025-09-18T00:40:38Z"
}