{
  "last_close": 18.889999389648438,
  "prev_close": 18.940000534057617,
  "asof": "2025-09-17T23:38:52Z"
}