{
  "last_close": 148.67999267578125,
  "prev_close": 148.3699951171875,
  "asof": "2025-09-18T00:45:43Z"
}