{
  "last_close": 153.14999389648438,
  "prev_close": 155.2100067138672,
  "asof": "2025-09-18T00:48:57Z"
}