{
  "last_close": 60.720001220703125,
  "prev_close": 60.93000030517578,
  "asof": "2025-09-18T00:48:50Z"
}