{
  "last_close": 450.6600036621094,
  "prev_close": 440.6700134277344,
  "asof": "2025-09-18T00:49:46Z"
}