{
  "last_close": 62.38999938964844,
  "prev_close": 63.08000183105469,
  "asof": "2025-09-18T00:28:07Z"
}