{
  "last_close": 164.3300018310547,
  "prev_close": 162.83999633789062,
  "asof": "2025-09-18T00:55:04Z"
}