{
  "last_close": 9.710000038146973,
  "prev_close": 9.5600004196167,
  "asof": "2025-09-18T00:52:43Z"
}