{
  "last_close": 90.5199966430664,
  "prev_close": 88.76000213623047,
  "asof": "2025-09-18T00:30:20Z"
}