{
  "last_close": 94.80000305175781,
  "prev_close": 93.56999969482422,
  "asof": "2025-09-18T00:55:34Z"
}