{
  "last_close": 81.80999755859375,
  "prev_close": 80.2300033569336,
  "asof": "2025-09-18T00:30:50Z"
}