{
  "last_close": 95.0199966430664,
  "prev_close": 95.33000183105469,
  "asof": "2025-09-18T00:53:51Z"
}