{
  "last_close": 31.190000534057617,
  "prev_close": 31.200000762939453,
  "asof": "2025-09-17T23:35:55Z"
}