{
  "last_close": 347.2699890136719,
  "prev_close": 349.010009765625,
  "asof": "2025-09-18T00:50:30Z"
}