{
  "last_close": 167.2899932861328,
  "prev_close": 166.14999389648438,
  "asof": "2025-09-18T00:51:56Z"
}