{
  "last_close": 321.2749938964844,
  "prev_close": 322.9100036621094,
  "asof": "2025-09-18T00:56:41Z"
}