{
  "last_close": 56.34000015258789,
  "prev_close": 55.27000045776367,
  "asof": "2025-09-18T00:30:27Z"
}