{
  "last_close": 84.19000244140625,
  "prev_close": 84.95999908447266,
  "asof": "2025-09-18T00:54:11Z"
}