{
  "last_close": 52.27000045776367,
  "prev_close": 51.130001068115234,
  "asof": "2025-09-18T00:39:15Z"
}