{
  "last_close": 19.579999923706055,
  "prev_close": 19.530000686645508,
  "asof": "2025-09-18T00:51:36Z"
}