{
  "last_close": 67.56999969482422,
  "prev_close": 66.9800033569336,
  "asof": "2025-09-18T00:34:25Z"
}