{
  "last_close": 44.08000183105469,
  "prev_close": 44.2400016784668,
  "asof": "2025-09-18T00:51:27Z"
}