{
  "last_close": 135.08999633789062,
  "prev_close": 133.77000427246094,
  "asof": "2025-09-18T00:50:07Z"
}