{
  "last_close": 268.0199890136719,
  "prev_close": 261.0799865722656,
  "asof": "2025-09-18T00:25:48Z"
}