{
  "last_close": 38.20000076293945,
  "prev_close": 38.18000030517578,
  "asof": "2025-09-17T23:35:34Z"
}