{
  "last_close": 23.549999237060547,
  "prev_close": 22.989999771118164,
  "asof": "2025-09-18T00:34:32Z"
}