{
  "last_close": 296.5899963378906,
  "prev_close": 294.2099914550781,
  "asof": "2025-09-18T00:44:38Z"
}