{
  "last_close": 136.3800048828125,
  "prev_close": 137.47999572753906,
  "asof": "2025-09-18T00:51:51Z"
}