{
  "last_close": 82.22000122070312,
  "prev_close": 81.4800033569336,
  "asof": "2025-09-18T00:30:06Z"
}