{
  "last_close": 11.289999961853027,
  "prev_close": 11.720000267028809,
  "asof": "2025-09-18T00:54:03Z"
}