{
  "last_close": 247.66000366210938,
  "prev_close": 254.38999938964844,
  "asof": "2025-09-17T22:05:29Z"
}