{
  "last_close": 125.4000015258789,
  "prev_close": 124.8499984741211,
  "asof": "2025-09-18T00:30:09Z"
}