{
  "last_close": 80.23999786376953,
  "prev_close": 80.2300033569336,
  "asof": "2025-09-18T00:36:19Z"
}