{
  "last_close": 69.58999633789062,
  "prev_close": 68.45999908447266,
  "asof": "2025-09-18T00:40:59Z"
}