{
  "last_close": 32.43000030517578,
  "prev_close": 32.290000915527344,
  "asof": "2025-09-18T00:25:28Z"
}