{
  "last_close": 32.43000030517578,
  "prev_close": 32.290000915527344,
  "asof": "2025-09-17T23:34:14Z"
}