{
  "last_close": 262.3999938964844,
  "prev_close": 259.8299865722656,
  "asof": "2025-09-17T22:13:04Z"
}