{
  "last_close": 262.3999938964844,
  "prev_close": 259.8299865722656,
  "asof": "2025-09-18T00:38:45Z"
}