{
  "last_close": 39.66999816894531,
  "prev_close": 39.29999923706055,
  "asof": "2025-09-18T00:28:21Z"
}