{
  "last_close": 39.66999816894531,
  "prev_close": 39.29999923706055,
  "asof": "2025-09-17T23:37:22Z"
}