{
  "last_close": 70.37999725341797,
  "prev_close": 69.95999908447266,
  "asof": "2025-09-18T00:56:12Z"
}