{
  "last_close": 32.02000045776367,
  "prev_close": 31.799999237060547,
  "asof": "2025-09-18T00:42:55Z"
}