{
  "last_close": 94.66000366210938,
  "prev_close": 95.63999938964844,
  "asof": "2025-09-18T00:49:12Z"
}