{
  "last_close": 49.09000015258789,
  "prev_close": 49.52000045776367,
  "asof": "2025-09-18T00:48:10Z"
}