{
  "last_close": 38.04999923706055,
  "prev_close": 37.650001525878906,
  "asof": "2025-09-18T00:56:11Z"
}