{
  "last_close": 32.7599983215332,
  "prev_close": 32.93000030517578,
  "asof": "2025-09-18T00:31:43Z"
}