{
  "last_close": 225.61000061035156,
  "prev_close": 224.41000366210938,
  "asof": "2025-09-18T00:37:21Z"
}