{
  "last_close": 103.41000366210938,
  "prev_close": 104.47000122070312,
  "asof": "2025-09-18T00:52:12Z"
}