{
  "last_close": 320.55999755859375,
  "prev_close": 327.9100036621094,
  "asof": "2025-09-18T00:37:18Z"
}