{
  "last_close": 25.81999969482422,
  "prev_close": 25.360000610351562,
  "asof": "2025-09-18T00:35:07Z"
}