{
  "last_close": 64.31999969482422,
  "prev_close": 65.16000366210938,
  "asof": "2025-09-18T00:42:44Z"
}