{
  "last_close": 93.81999969482422,
  "prev_close": 94.54000091552734,
  "asof": "2025-09-18T00:30:53Z"
}