{
  "last_close": 963.030029296875,
  "prev_close": 952.0700073242188,
  "asof": "2025-09-18T00:30:37Z"
}