{
  "last_close": 75.29000091552734,
  "prev_close": 76.08999633789062,
  "asof": "2025-09-18T00:49:00Z"
}