{
  "last_close": 32.93000030517578,
  "prev_close": 33.560001373291016,
  "asof": "2025-09-18T00:29:37Z"
}