{
  "last_close": 32.93000030517578,
  "prev_close": 33.560001373291016,
  "asof": "2025-09-17T23:38:45Z"
}