{
  "last_close": 33.529998779296875,
  "prev_close": 33.310001373291016,
  "asof": "2025-09-18T00:28:51Z"
}