{
  "last_close": 33.529998779296875,
  "prev_close": 33.310001373291016,
  "asof": "2025-09-17T23:37:56Z"
}