{
  "last_close": 46.619998931884766,
  "prev_close": 46.56999969482422,
  "asof": "2025-09-18T00:48:49Z"
}