{
  "last_close": 31.6299991607666,
  "prev_close": 31.360000610351562,
  "asof": "2025-09-18T00:33:14Z"
}