{
  "last_close": 131.0399932861328,
  "prev_close": 134.80999755859375,
  "asof": "2025-09-18T00:50:25Z"
}