{
  "last_close": 164.44000244140625,
  "prev_close": 164.4199981689453,
  "asof": "2025-09-18T00:53:03Z"
}