{
  "last_close": 242.2100067138672,
  "prev_close": 239.30999755859375,
  "asof": "2025-09-18T00:51:19Z"
}