{
  "last_close": 59.06999969482422,
  "prev_close": 61.189998626708984,
  "asof": "2025-09-18T00:46:27Z"
}