{
  "last_close": 67.72000122070312,
  "prev_close": 66.93000030517578,
  "asof": "2025-09-17T22:12:54Z"
}