{
  "last_close": 87.87000274658203,
  "prev_close": 88.12999725341797,
  "asof": "2025-09-18T00:55:33Z"
}