{
  "last_close": 32.77000045776367,
  "prev_close": 32.470001220703125,
  "asof": "2025-09-18T00:48:38Z"
}