{
  "last_close": 199.97999572753906,
  "prev_close": 199.2899932861328,
  "asof": "2025-09-18T00:48:44Z"
}