{
  "last_close": 24.3799991607666,
  "prev_close": 24.549999237060547,
  "asof": "2025-09-18T00:31:45Z"
}