{
  "last_close": 34.279998779296875,
  "prev_close": 34.130001068115234,
  "asof": "2025-09-18T00:55:39Z"
}