{
  "last_close": 70.02999877929688,
  "prev_close": 69.16999816894531,
  "asof": "2025-09-18T00:50:53Z"
}