{
  "last_close": 70.63999938964844,
  "prev_close": 69.87999725341797,
  "asof": "2025-09-18T00:54:49Z"
}