{
  "last_close": 28.229999542236328,
  "prev_close": 28.260000228881836,
  "asof": "2025-09-18T00:27:10Z"
}