{
  "last_close": 28.229999542236328,
  "prev_close": 28.260000228881836,
  "asof": "2025-09-17T23:36:07Z"
}