{
  "last_close": 17.440000534057617,
  "prev_close": 17.56999969482422,
  "asof": "2025-09-18T00:31:41Z"
}