{
  "last_close": 378.05999755859375,
  "prev_close": 364.5899963378906,
  "asof": "2025-09-17T23:38:25Z"
}