{
  "last_close": 160.08999633789062,
  "prev_close": 159.5399932861328,
  "asof": "2025-09-18T00:31:22Z"
}