{
  "last_close": 19.170000076293945,
  "prev_close": 19.190000534057617,
  "asof": "2025-09-18T00:51:17Z"
}