{
  "last_close": 9.430000305175781,
  "prev_close": 9.550000190734863,
  "asof": "2025-09-18T00:53:54Z"
}