{
  "last_close": 480.1499938964844,
  "prev_close": 475.94000244140625,
  "asof": "2025-09-18T00:51:39Z"
}