{
  "last_close": 47.560001373291016,
  "prev_close": 49.7599983215332,
  "asof": "2025-09-18T00:41:25Z"
}