{
  "last_close": 25.43000030517578,
  "prev_close": 25.579999923706055,
  "asof": "2025-09-17T23:35:50Z"
}