{
  "last_close": 25.43000030517578,
  "prev_close": 25.579999923706055,
  "asof": "2025-09-18T00:26:55Z"
}