{
  "last_close": 59.599998474121094,
  "prev_close": 59.400001525878906,
  "asof": "2025-09-18T00:56:15Z"
}