{
  "last_close": 58.81999969482422,
  "prev_close": 57.86000061035156,
  "asof": "2025-09-18T00:48:58Z"
}