{
  "last_close": 68.41000366210938,
  "prev_close": 69.06999969482422,
  "asof": "2025-09-18T00:49:43Z"
}