{
  "last_close": 36.470001220703125,
  "prev_close": 36.58000183105469,
  "asof": "2025-09-18T00:39:49Z"
}