{
  "last_close": 31.68000030517578,
  "prev_close": 32.16999816894531,
  "asof": "2025-09-18T00:52:31Z"
}