{
  "last_close": 76.77999877929688,
  "prev_close": 77.16999816894531,
  "asof": "2025-09-18T00:54:04Z"
}