{
  "last_close": 134.22999572753906,
  "prev_close": 134.58999633789062,
  "asof": "2025-09-18T00:50:56Z"
}