{
  "last_close": 469.1199951171875,
  "prev_close": 468.70001220703125,
  "asof": "2025-09-18T00:48:27Z"
}