{
  "last_close": 118.68000030517578,
  "prev_close": 118.69000244140625,
  "asof": "2025-09-18T00:29:05Z"
}