{
  "last_close": 130.33999633789062,
  "prev_close": 127.68000030517578,
  "asof": "2025-09-18T00:52:20Z"
}