{
  "last_close": 99.05000305175781,
  "prev_close": 100.06999969482422,
  "asof": "2025-09-18T00:29:32Z"
}