{
  "last_close": 106.13999938964844,
  "prev_close": 104.20999908447266,
  "asof": "2025-09-17T23:39:14Z"
}