{
  "last_close": 169.97999572753906,
  "prev_close": 171.69000244140625,
  "asof": "2025-09-18T00:27:43Z"
}