{
  "last_close": 169.97999572753906,
  "prev_close": 171.69000244140625,
  "asof": "2025-09-17T23:36:44Z"
}