{
  "last_close": 192.94000244140625,
  "prev_close": 190.47000122070312,
  "asof": "2025-09-18T00:42:41Z"
}