{
  "last_close": 52.630001068115234,
  "prev_close": 52.709999084472656,
  "asof": "2025-09-18T00:31:08Z"
}