{
  "last_close": 116.0999984741211,
  "prev_close": 115.2300033569336,
  "asof": "2025-09-18T00:25:31Z"
}