{
  "last_close": 222.8000030517578,
  "prev_close": 222.66000366210938,
  "asof": "2025-09-17T23:35:37Z"
}