{
  "last_close": 222.8000030517578,
  "prev_close": 222.66000366210938,
  "asof": "2025-09-18T00:26:42Z"
}