{
  "last_close": 171.14999389648438,
  "prev_close": 173.86000061035156,
  "asof": "2025-09-18T00:55:18Z"
}