{
  "last_close": 97.77999877929688,
  "prev_close": 95.4800033569336,
  "asof": "2025-09-17T23:38:39Z"
}