{
  "last_close": 18.209999084472656,
  "prev_close": 18.229999542236328,
  "asof": "2025-09-18T00:55:30Z"
}