{
  "last_close": 72.66999816894531,
  "prev_close": 72.08000183105469,
  "asof": "2025-09-18T00:46:42Z"
}