{
  "last_close": 84.5199966430664,
  "prev_close": 81.70999908447266,
  "asof": "2025-09-18T00:52:29Z"
}