{
  "last_close": 171.4499969482422,
  "prev_close": 172.57000732421875,
  "asof": "2025-09-18T00:47:20Z"
}