{
  "last_close": 24.540000915527344,
  "prev_close": 24.479999542236328,
  "asof": "2025-09-18T00:54:30Z"
}