{
  "last_close": 208.7899932861328,
  "prev_close": 210.0399932861328,
  "asof": "2025-09-18T00:28:35Z"
}