{
  "last_close": 41.540000915527344,
  "prev_close": 41.779998779296875,
  "asof": "2025-09-18T00:50:10Z"
}