{
  "last_close": 48.060001373291016,
  "prev_close": 47.81999969482422,
  "asof": "2025-09-18T00:52:27Z"
}