{
  "last_close": 135.11000061035156,
  "prev_close": 133.97999572753906,
  "asof": "2025-09-18T00:56:14Z"
}