{
  "last_close": 279.1600036621094,
  "prev_close": 280.739990234375,
  "asof": "2025-09-18T00:28:31Z"
}