{
  "last_close": 35.40999984741211,
  "prev_close": 34.970001220703125,
  "asof": "2025-09-18T00:31:01Z"
}