{
  "last_close": 76.44000244140625,
  "prev_close": 76.55000305175781,
  "asof": "2025-09-18T00:46:15Z"
}