{
  "last_close": 173.58999633789062,
  "prev_close": 172.0800018310547,
  "asof": "2025-09-18T00:26:21Z"
}