{
  "last_close": 173.58999633789062,
  "prev_close": 172.0800018310547,
  "asof": "2025-09-17T23:35:13Z"
}