{
  "last_close": 144.3699951171875,
  "prev_close": 144.19000244140625,
  "asof": "2025-09-17T23:35:42Z"
}