{
  "last_close": 144.3699951171875,
  "prev_close": 144.19000244140625,
  "asof": "2025-09-18T00:26:47Z"
}