{
  "last_close": 89.95999908447266,
  "prev_close": 88.8499984741211,
  "asof": "2025-09-18T00:27:38Z"
}