{
  "last_close": 9.199999809265137,
  "prev_close": 9.0600004196167,
  "asof": "2025-09-18T00:56:25Z"
}