{
  "last_close": 9.319999694824219,
  "prev_close": 9.380000114440918,
  "asof": "2025-09-18T00:31:07Z"
}