{
  "last_close": 265.3599853515625,
  "prev_close": 264.05999755859375,
  "asof": "2025-09-18T00:54:07Z"
}