{
  "last_close": 96.4000015258789,
  "prev_close": 95.56999969482422,
  "asof": "2025-09-18T00:56:07Z"
}