{
  "last_close": 54.36000061035156,
  "prev_close": 52.83000183105469,
  "asof": "2025-09-18T00:27:52Z"
}