{
  "last_close": 262.3299865722656,
  "prev_close": 260.5799865722656,
  "asof": "2025-09-18T00:48:11Z"
}