{
  "last_close": 55.560001373291016,
  "prev_close": 55.18000030517578,
  "asof": "2025-09-18T00:56:10Z"
}