{
  "last_close": 88.16999816894531,
  "prev_close": 88.5199966430664,
  "asof": "2025-09-17T23:38:32Z"
}