{
  "last_close": 18.43000030517578,
  "prev_close": 18.6299991607666,
  "asof": "2025-09-18T00:44:22Z"
}