{
  "last_close": 146.11000061035156,
  "prev_close": 143.27999877929688,
  "asof": "2025-09-17T23:38:37Z"
}