{
  "last_close": 146.11000061035156,
  "prev_close": 143.27999877929688,
  "asof": "2025-09-18T00:29:29Z"
}