{
  "last_close": 60.61000061035156,
  "prev_close": 60.810001373291016,
  "asof": "2025-09-18T00:55:37Z"
}