{
  "last_close": 65.98999786376953,
  "prev_close": 65.98999786376953,
  "asof": "2025-09-18T00:53:56Z"
}