{
  "last_close": 49.11000061035156,
  "prev_close": 48.88999938964844,
  "asof": "2025-09-18T00:32:19Z"
}