{
  "last_close": 92.0999984741211,
  "prev_close": 92.61000061035156,
  "asof": "2025-09-18T00:53:28Z"
}