{
  "last_close": 119.83999633789062,
  "prev_close": 120.83999633789062,
  "asof": "2025-09-18T00:30:58Z"
}