{
  "last_close": 32.06999969482422,
  "prev_close": 31.770000457763672,
  "asof": "2025-09-18T00:31:30Z"
}