{
  "last_close": 29.920000076293945,
  "prev_close": 29.40999984741211,
  "asof": "2025-09-18T00:55:22Z"
}