{
  "last_close": 53.529998779296875,
  "prev_close": 52.79999923706055,
  "asof": "2025-09-18T00:39:30Z"
}