{
  "last_close": 24.68000030517578,
  "prev_close": 24.709999084472656,
  "asof": "2025-09-18T00:32:01Z"
}