{
  "last_close": 49.9900016784668,
  "prev_close": 49.95000076293945,
  "asof": "2025-09-18T00:31:49Z"
}