{
  "last_close": 10.399999618530273,
  "prev_close": 10.5600004196167,
  "asof": "2025-09-18T00:53:34Z"
}