{
  "last_close": 56.709999084472656,
  "prev_close": 57.119998931884766,
  "asof": "2025-09-18T00:47:38Z"
}