{
  "last_close": 63.29999923706055,
  "prev_close": 63.41999816894531,
  "asof": "2025-09-18T00:56:40Z"
}