{
  "last_close": 26.350000381469727,
  "prev_close": 26.510000228881836,
  "asof": "2025-09-18T00:54:25Z"
}