{
  "last_close": 87.12000274658203,
  "prev_close": 86.54000091552734,
  "asof": "2025-09-18T00:51:02Z"
}