{
  "last_close": 17.530000686645508,
  "prev_close": 17.579999923706055,
  "asof": "2025-09-18T00:31:39Z"
}