{
  "last_close": 363.3500061035156,
  "prev_close": 371.19000244140625,
  "asof": "2025-09-18T00:50:13Z"
}