{
  "last_close": 88.18000030517578,
  "prev_close": 88.26000213623047,
  "asof": "2025-09-18T00:56:28Z"
}