{
  "last_close": 88.18000030517578,
  "prev_close": 88.26000213623047,
  "asof": "2025-09-17T22:05:31Z"
}