{
  "last_close": 60.619998931884766,
  "prev_close": 59.40999984741211,
  "asof": "2025-09-17T23:37:01Z"
}