{
  "last_close": 60.619998931884766,
  "prev_close": 59.40999984741211,
  "asof": "2025-09-18T00:28:04Z"
}