{
  "last_close": 71.76000213623047,
  "prev_close": 71.3499984741211,
  "asof": "2025-09-18T00:56:20Z"
}