{
  "last_close": 75.19999694824219,
  "prev_close": 75.08999633789062,
  "asof": "2025-09-18T00:45:18Z"
}