{
  "last_close": 52.380001068115234,
  "prev_close": 52.939998626708984,
  "asof": "2025-09-18T00:41:35Z"
}