{
  "last_close": 43.22999954223633,
  "prev_close": 42.72999954223633,
  "asof": "2025-09-18T00:56:00Z"
}