{
  "last_close": 99.68000030517578,
  "prev_close": 97.5199966430664,
  "asof": "2025-09-18T00:32:09Z"
}