{
  "last_close": 40.439998626708984,
  "prev_close": 39.13999938964844,
  "asof": "2025-09-18T00:46:12Z"
}