{
  "last_close": 42.56999969482422,
  "prev_close": 42.33000183105469,
  "asof": "2025-09-18T00:48:32Z"
}