{
  "last_close": 124.94999694824219,
  "prev_close": 124.80000305175781,
  "asof": "2025-09-18T00:49:51Z"
}