{
  "last_close": 225.17999267578125,
  "prev_close": 224.97999572753906,
  "asof": "2025-09-18T00:29:02Z"
}