{
  "last_close": 225.17999267578125,
  "prev_close": 224.97999572753906,
  "asof": "2025-09-17T23:38:09Z"
}