{
  "last_close": 143.17999267578125,
  "prev_close": 143.4199981689453,
  "asof": "2025-09-18T00:55:11Z"
}