{
  "last_close": 11.65999984741211,
  "prev_close": 11.609999656677246,
  "asof": "2025-09-18T00:28:27Z"
}