{
  "last_close": 66.83000183105469,
  "prev_close": 65.88999938964844,
  "asof": "2025-09-18T00:35:21Z"
}