{
  "last_close": 140.47000122070312,
  "prev_close": 138.4199981689453,
  "asof": "2025-09-18T00:31:11Z"
}