{
  "last_close": 56.90999984741211,
  "prev_close": 58.310001373291016,
  "asof": "2025-09-18T00:47:44Z"
}