{
  "last_close": 45.09000015258789,
  "prev_close": 45.29999923706055,
  "asof": "2025-09-18T00:53:37Z"
}