{
  "last_close": 225.77999877929688,
  "prev_close": 227.6999969482422,
  "asof": "2025-09-18T00:49:57Z"
}