{
  "last_close": 43.439998626708984,
  "prev_close": 43.04999923706055,
  "asof": "2025-09-18T00:56:29Z"
}