{
  "last_close": 224.47999572753906,
  "prev_close": 231.5399932861328,
  "asof": "2025-09-18T00:46:59Z"
}