{
  "last_close": 22.65999984741211,
  "prev_close": 22.270000457763672,
  "asof": "2025-09-18T00:36:56Z"
}