{
  "last_close": 67.1500015258789,
  "prev_close": 66.44000244140625,
  "asof": "2025-09-18T00:33:51Z"
}