{
  "last_close": 148.5800018310547,
  "prev_close": 149.05999755859375,
  "asof": "2025-09-17T23:35:27Z"
}