{
  "last_close": 56.459999084472656,
  "prev_close": 57.20000076293945,
  "asof": "2025-09-18T00:52:00Z"
}