{
  "last_close": 12.079999923706055,
  "prev_close": 12.100000381469727,
  "asof": "2025-09-18T00:35:39Z"
}