{
  "last_close": 40.34000015258789,
  "prev_close": 40.790000915527344,
  "asof": "2025-09-18T00:49:03Z"
}