{
  "last_close": 278.9800109863281,
  "prev_close": 279.92999267578125,
  "asof": "2025-09-18T00:26:38Z"
}