{
  "last_close": 278.9800109863281,
  "prev_close": 279.92999267578125,
  "asof": "2025-09-17T23:35:32Z"
}