{
  "last_close": 87.18000030517578,
  "prev_close": 89.73999786376953,
  "asof": "2025-09-18T00:27:35Z"
}