{
  "last_close": 58.72999954223633,
  "prev_close": 58.459999084472656,
  "asof": "2025-09-18T00:37:30Z"
}