{
  "last_close": 86.81999969482422,
  "prev_close": 86.31999969482422,
  "asof": "2025-09-18T00:40:13Z"
}