{
  "last_close": 53.56999969482422,
  "prev_close": 52.0099983215332,
  "asof": "2025-09-18T00:25:52Z"
}