{
  "last_close": 53.56999969482422,
  "prev_close": 52.0099983215332,
  "asof": "2025-09-17T23:34:43Z"
}