{
  "last_close": 59.220001220703125,
  "prev_close": 57.470001220703125,
  "asof": "2025-09-17T23:34:21Z"
}