{
  "last_close": 51.720001220703125,
  "prev_close": 52.029998779296875,
  "asof": "2025-09-18T00:55:10Z"
}