{
  "last_close": 23.829999923706055,
  "prev_close": 23.65999984741211,
  "asof": "2025-09-18T00:32:43Z"
}