{
  "last_close": 47.959999084472656,
  "prev_close": 47.86000061035156,
  "asof": "2025-09-18T00:52:35Z"
}