{
  "last_close": 80.29000091552734,
  "prev_close": 79.77999877929688,
  "asof": "2025-09-18T00:51:13Z"
}