{
  "last_close": 174.9499969482422,
  "prev_close": 175.6699981689453,
  "asof": "2025-09-18T00:37:59Z"
}