{
  "last_close": 37.38999938964844,
  "prev_close": 37.40999984741211,
  "asof": "2025-09-17T23:34:46Z"
}