{
  "last_close": 41.77000045776367,
  "prev_close": 41.33000183105469,
  "asof": "2025-09-18T00:47:56Z"
}