{
  "last_close": 22.809999465942383,
  "prev_close": 22.639999389648438,
  "asof": "2025-09-17T23:35:24Z"
}