{
  "last_close": 22.809999465942383,
  "prev_close": 22.639999389648438,
  "asof": "2025-09-18T00:26:30Z"
}