{
  "last_close": 325.2799987792969,
  "prev_close": 326.3999938964844,
  "asof": "2025-09-18T00:48:43Z"
}