{
  "last_close": 144.08999633789062,
  "prev_close": 144.13999938964844,
  "asof": "2025-09-18T00:50:46Z"
}