{
  "last_close": 40.13999938964844,
  "prev_close": 37.31999969482422,
  "asof": "2025-09-18T00:52:02Z"
}