{
  "last_close": 76.62999725341797,
  "prev_close": 77.4800033569336,
  "asof": "2025-09-18T00:43:26Z"
}