{
  "last_close": 28.65999984741211,
  "prev_close": 28.600000381469727,
  "asof": "2025-09-18T00:50:57Z"
}