{
  "last_close": 614.7899780273438,
  "prev_close": 617.9099731445312,
  "asof": "2025-09-18T00:48:24Z"
}