{
  "last_close": 37.97999954223633,
  "prev_close": 38.369998931884766,
  "asof": "2025-09-18T00:54:29Z"
}