{
  "last_close": 46.63999938964844,
  "prev_close": 46.38999938964844,
  "asof": "2025-09-18T00:47:53Z"
}