{
  "last_close": 32.20000076293945,
  "prev_close": 32.02000045776367,
  "asof": "2025-09-18T00:51:09Z"
}