{
  "last_close": 57.189998626708984,
  "prev_close": 55.400001525878906,
  "asof": "2025-09-18T00:41:45Z"
}