{
  "last_close": 54.2599983215332,
  "prev_close": 54.630001068115234,
  "asof": "2025-09-18T00:27:16Z"
}