{
  "last_close": 112.26000213623047,
  "prev_close": 110.86000061035156,
  "asof": "2025-09-18T00:42:11Z"
}