{
  "last_close": 49.18000030517578,
  "prev_close": 49.560001373291016,
  "asof": "2025-09-17T23:38:53Z"
}