{
  "last_close": 49.18000030517578,
  "prev_close": 49.560001373291016,
  "asof": "2025-09-18T00:29:45Z"
}