{
  "last_close": 35.720001220703125,
  "prev_close": 35.90999984741211,
  "asof": "2025-09-18T00:27:07Z"
}