{
  "last_close": 35.720001220703125,
  "prev_close": 35.90999984741211,
  "asof": "2025-09-17T23:36:03Z"
}