{
  "last_close": 47.380001068115234,
  "prev_close": 47.18000030517578,
  "asof": "2025-09-18T00:55:15Z"
}