{
  "last_close": 76.87999725341797,
  "prev_close": 78.69999694824219,
  "asof": "2025-09-18T00:53:11Z"
}