{
  "last_close": 33.0099983215332,
  "prev_close": 31.829999923706055,
  "asof": "2025-09-18T00:41:11Z"
}