{
  "last_close": 58.72999954223633,
  "prev_close": 58.459999084472656,
  "asof": "2025-09-17T23:37:41Z"
}