{
  "last_close": 28.079999923706055,
  "prev_close": 28.239999771118164,
  "asof": "2025-09-18T00:42:18Z"
}