{
  "last_close": 26.100000381469727,
  "prev_close": 26.34000015258789,
  "asof": "2025-09-17T23:38:07Z"
}