{
  "last_close": 56.220001220703125,
  "prev_close": 57.84000015258789,
  "asof": "2025-09-18T00:44:07Z"
}