{
  "last_close": 181.2899932861328,
  "prev_close": 183.61000061035156,
  "asof": "2025-09-18T00:47:57Z"
}