{
  "last_close": 29.059999465942383,
  "prev_close": 28.510000228881836,
  "asof": "2025-09-18T00:28:58Z"
}