{
  "last_close": 249.52999877929688,
  "prev_close": 251.16000366210938,
  "asof": "2025-09-18T00:25:58Z"
}