{
  "last_close": 249.85000610351562,
  "prev_close": 251.4199981689453,
  "asof": "2025-09-17T23:34:53Z"
}