{
  "last_close": 139.22999572753906,
  "prev_close": 139.6300048828125,
  "asof": "2025-09-18T00:28:08Z"
}