{
  "last_close": 85.3499984741211,
  "prev_close": 84.29000091552734,
  "asof": "2025-09-18T00:34:01Z"
}