{
  "last_close": 6.099999904632568,
  "prev_close": 6.320000171661377,
  "asof": "2025-09-18T00:50:21Z"
}