{
  "last_close": 794.219970703125,
  "prev_close": 785.530029296875,
  "asof": "2025-09-18T00:35:58Z"
}