{
  "last_close": 40.36000061035156,
  "prev_close": 40.04999923706055,
  "asof": "2025-09-18T00:43:56Z"
}