{
  "last_close": 25.18000030517578,
  "prev_close": 25.260000228881836,
  "asof": "2025-09-18T00:48:07Z"
}