{
  "last_close": 50.43000030517578,
  "prev_close": 50.310001373291016,
  "asof": "2025-09-18T00:52:46Z"
}