{
  "last_close": 199.97999572753906,
  "prev_close": 199.39999389648438,
  "asof": "2025-09-18T00:49:23Z"
}