{
  "last_close": 50.47999954223633,
  "prev_close": 50.84000015258789,
  "asof": "2025-09-18T00:48:47Z"
}