{
  "last_close": 75.80999755859375,
  "prev_close": 75.8499984741211,
  "asof": "2025-09-18T00:44:59Z"
}