{
  "last_close": 73.91999816894531,
  "prev_close": 74.69000244140625,
  "asof": "2025-09-18T00:27:32Z"
}