{
  "last_close": 17.540000915527344,
  "prev_close": 17.43000030517578,
  "asof": "2025-09-18T00:39:19Z"
}