{
  "last_close": 13.520000457763672,
  "prev_close": 13.65999984741211,
  "asof": "2025-09-18T00:54:19Z"
}