{
  "last_close": 35.970001220703125,
  "prev_close": 35.15999984741211,
  "asof": "2025-09-18T00:34:59Z"
}