{
  "last_close": 39.2400016784668,
  "prev_close": 39.369998931884766,
  "asof": "2025-09-18T00:31:15Z"
}