{
  "last_close": 39.2400016784668,
  "prev_close": 39.369998931884766,
  "asof": "2025-09-17T22:13:29Z"
}