{
  "last_close": 130.64999389648438,
  "prev_close": 129.64999389648438,
  "asof": "2025-09-18T00:36:09Z"
}