{
  "last_close": 50.349998474121094,
  "prev_close": 50.88999938964844,
  "asof": "2025-09-18T00:46:48Z"
}