{
  "last_close": 11.029999732971191,
  "prev_close": 11.350000381469727,
  "asof": "2025-09-18T00:54:37Z"
}