{
  "last_close": 9.399999618530273,
  "prev_close": 9.279999732971191,
  "asof": "2025-09-18T00:45:10Z"
}