{
  "last_close": 14.880000114440918,
  "prev_close": 14.989999771118164,
  "asof": "2025-09-18T00:53:41Z"
}