{
  "last_close": 68.19999694824219,
  "prev_close": 63.33000183105469,
  "asof": "2025-09-18T00:42:04Z"
}