{
  "last_close": 211.67999267578125,
  "prev_close": 210.9499969482422,
  "asof": "2025-09-18T00:48:02Z"
}