{
  "last_close": 118.63999938964844,
  "prev_close": 117.37999725341797,
  "asof": "2025-09-18T00:32:50Z"
}