{
  "last_close": 24.729999542236328,
  "prev_close": 24.43000030517578,
  "asof": "2025-09-18T00:52:10Z"
}