{
  "last_close": 27.899999618530273,
  "prev_close": 27.719999313354492,
  "asof": "2025-09-18T00:51:25Z"
}