{
  "last_close": 92.27999877929688,
  "prev_close": 91.54000091552734,
  "asof": "2025-09-18T00:46:04Z"
}