{
  "last_close": 17.959999084472656,
  "prev_close": 17.790000915527344,
  "asof": "2025-09-18T00:55:42Z"
}