{
  "last_close": 51.34000015258789,
  "prev_close": 50.189998626708984,
  "asof": "2025-09-17T23:36:42Z"
}