{
  "last_close": 51.34000015258789,
  "prev_close": 50.189998626708984,
  "asof": "2025-09-18T00:27:41Z"
}