{
  "last_close": 24.889999389648438,
  "prev_close": 25.020000457763672,
  "asof": "2025-09-18T00:29:46Z"
}