{
  "last_close": 24.889999389648438,
  "prev_close": 25.020000457763672,
  "asof": "2025-09-17T23:38:55Z"
}