{
  "last_close": 69.66999816894531,
  "prev_close": 68.94999694824219,
  "asof": "2025-09-18T00:35:31Z"
}