{
  "last_close": 67.37000274658203,
  "prev_close": 68.38999938964844,
  "asof": "2025-09-18T00:45:03Z"
}