{
  "last_close": 17.520000457763672,
  "prev_close": 17.65999984741211,
  "asof": "2025-09-18T00:55:25Z"
}