{
  "last_close": 191.08999633789062,
  "prev_close": 193.4499969482422,
  "asof": "2025-09-17T23:39:41Z"
}