{
  "last_close": 38.220001220703125,
  "prev_close": 37.09000015258789,
  "asof": "2025-09-17T23:38:14Z"
}