{
  "last_close": 38.220001220703125,
  "prev_close": 37.09000015258789,
  "asof": "2025-09-18T00:29:07Z"
}