{
  "last_close": 269.3900146484375,
  "prev_close": 272.32000732421875,
  "asof": "2025-09-18T00:44:56Z"
}