{
  "last_close": 185.38999938964844,
  "prev_close": 187.4600067138672,
  "asof": "2025-09-17T22:05:30Z"
}