{
  "last_close": 11.029999732971191,
  "prev_close": 11.010000228881836,
  "asof": "2025-09-18T00:54:41Z"
}