{
  "last_close": 62.34000015258789,
  "prev_close": 62.47999954223633,
  "asof": "2025-09-18T00:40:17Z"
}