{
  "last_close": 259.0799865722656,
  "prev_close": 257.5199890136719,
  "asof": "2025-09-18T00:51:22Z"
}