{
  "last_close": 32.599998474121094,
  "prev_close": 32.2400016784668,
  "asof": "2025-09-18T00:39:40Z"
}