{
  "last_close": 175.2100067138672,
  "prev_close": 173.1300048828125,
  "asof": "2025-09-18T00:45:53Z"
}