{
  "last_close": 63.34000015258789,
  "prev_close": 64.5199966430664,
  "asof": "2025-09-18T00:53:58Z"
}