{
  "last_close": 100.87000274658203,
  "prev_close": 101.4800033569336,
  "asof": "2025-09-18T00:41:21Z"
}