{
  "last_close": 84.80000305175781,
  "prev_close": 83.9000015258789,
  "asof": "2025-09-18T00:41:42Z"
}