{
  "last_close": 24.809999465942383,
  "prev_close": 24.799999237060547,
  "asof": "2025-09-18T00:52:25Z"
}