{
  "last_close": 17.68000030517578,
  "prev_close": 17.059999465942383,
  "asof": "2025-09-18T00:52:05Z"
}