{
  "last_close": 25.34000015258789,
  "prev_close": 25.43000030517578,
  "asof": "2025-09-18T00:40:45Z"
}