{
  "last_close": 24.899999618530273,
  "prev_close": 25.270000457763672,
  "asof": "2025-09-18T00:50:51Z"
}