{
  "last_close": 662.6799926757812,
  "prev_close": 651.2999877929688,
  "asof": "2025-09-18T00:50:50Z"
}