{
  "last_close": 29.639999389648438,
  "prev_close": 29.530000686645508,
  "asof": "2025-09-18T00:55:02Z"
}