{
  "last_close": 65.44000244140625,
  "prev_close": 62.2599983215332,
  "asof": "2025-09-18T00:53:33Z"
}