{
  "last_close": 61.16999816894531,
  "prev_close": 61.31999969482422,
  "asof": "2025-09-18T00:44:15Z"
}