{
  "last_close": 38.869998931884766,
  "prev_close": 39.47999954223633,
  "asof": "2025-09-18T00:51:35Z"
}