{
  "last_close": 46.939998626708984,
  "prev_close": 46.2400016784668,
  "asof": "2025-09-18T00:53:52Z"
}