{
  "last_close": 26.260000228881836,
  "prev_close": 26.360000610351562,
  "asof": "2025-09-17T23:34:13Z"
}