{
  "last_close": 26.260000228881836,
  "prev_close": 26.360000610351562,
  "asof": "2025-09-18T00:25:26Z"
}