{
  "last_close": 186.69000244140625,
  "prev_close": 186.80999755859375,
  "asof": "2025-09-18T00:43:36Z"
}