{
  "last_close": 37.900001525878906,
  "prev_close": 36.45000076293945,
  "asof": "2025-09-18T00:53:19Z"
}