{
  "last_close": 99.4800033569336,
  "prev_close": 100.3499984741211,
  "asof": "2025-09-18T00:54:55Z"
}