{
  "last_close": 253.9199981689453,
  "prev_close": 250.8800048828125,
  "asof": "2025-09-18T00:53:16Z"
}