{
  "last_close": 7.269999980926514,
  "prev_close": 7.139999866485596,
  "asof": "2025-09-18T00:33:17Z"
}