{
  "last_close": 22.170000076293945,
  "prev_close": 22.100000381469727,
  "asof": "2025-09-18T00:36:05Z"
}