{
  "last_close": 134.52000427246094,
  "prev_close": 137.8000030517578,
  "asof": "2025-09-18T00:47:39Z"
}