{
  "last_close": 213.63999938964844,
  "prev_close": 213.3300018310547,
  "asof": "2025-09-18T00:52:26Z"
}