{
  "last_close": 15.600000381469727,
  "prev_close": 15.739999771118164,
  "asof": "2025-09-18T00:30:13Z"
}