{
  "last_close": 107.41000366210938,
  "prev_close": 106.95999908447266,
  "asof": "2025-09-18T00:49:27Z"
}