{
  "last_close": 35.2400016784668,
  "prev_close": 34.709999084472656,
  "asof": "2025-09-17T23:36:25Z"
}