{
  "last_close": 35.2400016784668,
  "prev_close": 34.709999084472656,
  "asof": "2025-09-18T00:27:26Z"
}