{
  "last_close": 66.52999877929688,
  "prev_close": 66.4000015258789,
  "asof": "2025-09-18T00:35:17Z"
}