{
  "last_close": 44.529998779296875,
  "prev_close": 44.400001525878906,
  "asof": "2025-09-18T00:34:56Z"
}