{
  "last_close": 19.15999984741211,
  "prev_close": 19.600000381469727,
  "asof": "2025-09-18T00:54:26Z"
}