{
  "last_close": 177.22999572753906,
  "prev_close": 178.05999755859375,
  "asof": "2025-09-17T16:08:22Z"
}