{
  "last_close": 177.0800018310547,
  "prev_close": 176.4600067138672,
  "asof": "2025-09-17T18:21:15Z"
}