{
  "last_close": 177.22000122070312,
  "prev_close": 178.05999755859375,
  "asof": "2025-09-17T15:49:41Z"
}