{
  "last_close": 177.42999267578125,
  "prev_close": 178.05999755859375,
  "asof": "2025-09-17T15:59:54Z"
}