{
  "last_close": 177.1999969482422,
  "prev_close": 176.4600067138672,
  "asof": "2025-09-18T00:45:36Z"
}