{
  "last_close": 14.15999984741211,
  "prev_close": 14.390000343322754,
  "asof": "2025-09-18T00:50:17Z"
}