{
  "last_close": 78.6500015258789,
  "prev_close": 79.41999816894531,
  "asof": "2025-09-17T23:39:44Z"
}