{
  "last_close": 48.79999923706055,
  "prev_close": 48.220001220703125,
  "asof": "2025-09-18T00:49:32Z"
}