{
  "last_close": 31.799999237060547,
  "prev_close": 31.719999313354492,
  "asof": "2025-09-18T00:50:43Z"
}