{
  "last_close": 27.260000228881836,
  "prev_close": 26.959999084472656,
  "asof": "2025-09-17T23:38:56Z"
}