{
  "last_close": 27.260000228881836,
  "prev_close": 26.959999084472656,
  "asof": "2025-09-18T00:29:48Z"
}