{
  "last_close": 18.709999084472656,
  "prev_close": 18.6299991607666,
  "asof": "2025-09-18T00:36:12Z"
}