{
  "last_close": 22.459999084472656,
  "prev_close": 22.739999771118164,
  "asof": "2025-09-18T00:54:32Z"
}