{
  "last_close": 25.729999542236328,
  "prev_close": 25.93000030517578,
  "asof": "2025-09-18T00:29:40Z"
}