{
  "last_close": 21.950000762939453,
  "prev_close": 22.110000610351562,
  "asof": "2025-09-18T00:55:31Z"
}