{
  "last_close": 144.39999389648438,
  "prev_close": 144.3800048828125,
  "asof": "2025-09-18T00:34:35Z"
}