{
  "last_close": 125.58999633789062,
  "prev_close": 125.04000091552734,
  "asof": "2025-09-18T00:29:57Z"
}