{
  "last_close": 27.56999969482422,
  "prev_close": 27.209999084472656,
  "asof": "2025-09-18T00:31:58Z"
}