{
  "last_close": 59.130001068115234,
  "prev_close": 60.349998474121094,
  "asof": "2025-09-17T23:36:12Z"
}