{
  "last_close": 41.720001220703125,
  "prev_close": 42.560001373291016,
  "asof": "2025-09-18T00:47:13Z"
}