{
  "last_close": 67.04000091552734,
  "prev_close": 66.23999786376953,
  "asof": "2025-09-17T23:39:17Z"
}