{
  "last_close": 43.720001220703125,
  "prev_close": 44.18000030517578,
  "asof": "2025-09-18T00:55:52Z"
}