{
  "last_close": 64.11000061035156,
  "prev_close": 64.86000061035156,
  "asof": "2025-09-18T00:50:05Z"
}