{
  "last_close": 20.09000015258789,
  "prev_close": 20.010000228881836,
  "asof": "2025-09-18T00:25:23Z"
}