{
  "last_close": 75.73999786376953,
  "prev_close": 76.3499984741211,
  "asof": "2025-09-18T00:50:16Z"
}