{
  "last_close": 18.34000015258789,
  "prev_close": 18.1299991607666,
  "asof": "2025-09-18T00:30:41Z"
}