{
  "last_close": 33.650001525878906,
  "prev_close": 32.91999816894531,
  "asof": "2025-09-18T00:50:55Z"
}