{
  "last_close": 61.720001220703125,
  "prev_close": 60.09000015258789,
  "asof": "2025-09-17T23:34:31Z"
}