{
  "last_close": 20.360000610351562,
  "prev_close": 19.719999313354492,
  "asof": "2025-09-17T23:35:47Z"
}