{
  "last_close": 20.360000610351562,
  "prev_close": 19.719999313354492,
  "asof": "2025-09-18T00:26:52Z"
}