{
  "last_close": 34.470001220703125,
  "prev_close": 34.34000015258789,
  "asof": "2025-09-18T00:43:09Z"
}