{
  "last_close": 132.97000122070312,
  "prev_close": 133.80999755859375,
  "asof": "2025-09-18T00:27:30Z"
}