{
  "last_close": 281.8599853515625,
  "prev_close": 284.2699890136719,
  "asof": "2025-09-18T00:49:15Z"
}