{
  "last_close": 26.690000534057617,
  "prev_close": 26.110000610351562,
  "asof": "2025-09-17T23:38:10Z"
}