{
  "last_close": 163.33999633789062,
  "prev_close": 170.89999389648438,
  "asof": "2025-09-18T00:51:34Z"
}