{
  "last_close": 31.110000610351562,
  "prev_close": 31.520000457763672,
  "asof": "2025-09-18T00:27:37Z"
}