{
  "last_close": 760.1300048828125,
  "prev_close": 764.7100219726562,
  "asof": "2025-09-18T00:45:47Z"
}