{
  "last_close": 473.1199951171875,
  "prev_close": 474.32000732421875,
  "asof": "2025-09-18T00:49:49Z"
}