{
  "last_close": 39.36000061035156,
  "prev_close": 39.439998626708984,
  "asof": "2025-09-18T00:38:56Z"
}