{
  "last_close": 235.32000732421875,
  "prev_close": 234.89999389648438,
  "asof": "2025-09-18T00:31:33Z"
}