{
  "last_close": 235.32000732421875,
  "prev_close": 234.89999389648438,
  "asof": "2025-09-17T22:05:40Z"
}