{
  "last_close": 29.299999237060547,
  "prev_close": 29.440000534057617,
  "asof": "2025-09-18T00:34:09Z"
}