{
  "last_close": 63.86000061035156,
  "prev_close": 63.619998931884766,
  "asof": "2025-09-18T00:56:22Z"
}