{
  "last_close": 88.1500015258789,
  "prev_close": 88.69000244140625,
  "asof": "2025-09-17T23:38:15Z"
}