{
  "last_close": 88.1500015258789,
  "prev_close": 88.69000244140625,
  "asof": "2025-09-18T00:29:08Z"
}