{
  "last_close": 267.95001220703125,
  "prev_close": 270.5199890136719,
  "asof": "2025-09-18T00:28:46Z"
}