{
  "last_close": 121.9000015258789,
  "prev_close": 120.47000122070312,
  "asof": "2025-09-18T00:52:48Z"
}