{
  "last_close": 66.91999816894531,
  "prev_close": 66.13999938964844,
  "asof": "2025-09-18T00:50:42Z"
}