{
  "last_close": 27.809999465942383,
  "prev_close": 28.030000686645508,
  "asof": "2025-09-17T23:36:02Z"
}