{
  "last_close": 27.809999465942383,
  "prev_close": 28.030000686645508,
  "asof": "2025-09-18T00:27:05Z"
}