{
  "last_close": 48.369998931884766,
  "prev_close": 48.34000015258789,
  "asof": "2025-09-18T00:49:04Z"
}