{
  "last_close": 163.47999572753906,
  "prev_close": 162.33999633789062,
  "asof": "2025-09-17T23:35:39Z"
}