{
  "last_close": 5.590000152587891,
  "prev_close": 5.539999961853027,
  "asof": "2025-09-17T23:34:25Z"
}