{
  "last_close": 32.119998931884766,
  "prev_close": 31.56999969482422,
  "asof": "2025-09-18T00:49:30Z"
}