{
  "last_close": 52.709999084472656,
  "prev_close": 51.86000061035156,
  "asof": "2025-09-18T00:27:24Z"
}