{
  "last_close": 55.650001525878906,
  "prev_close": 57.7400016784668,
  "asof": "2025-09-18T00:29:54Z"
}