{
  "last_close": 53.52000045776367,
  "prev_close": 52.650001525878906,
  "asof": "2025-09-18T00:54:13Z"
}