{
  "last_close": 22.84000015258789,
  "prev_close": 20.190000534057617,
  "asof": "2025-09-18T00:50:15Z"
}