{
  "last_close": 169.3699951171875,
  "prev_close": 170.4199981689453,
  "asof": "2025-09-18T00:25:49Z"
}