{
  "last_close": 169.3699951171875,
  "prev_close": 170.4199981689453,
  "asof": "2025-09-17T23:34:40Z"
}