{
  "last_close": 598.6300048828125,
  "prev_close": 586.4199829101562,
  "asof": "2025-09-18T00:33:26Z"
}