{
  "last_close": 262.04998779296875,
  "prev_close": 267.8900146484375,
  "asof": "2025-09-17T23:37:32Z"
}