{
  "last_close": 262.04998779296875,
  "prev_close": 267.8900146484375,
  "asof": "2025-09-18T00:28:29Z"
}