{
  "last_close": 17.34000015258789,
  "prev_close": 17.530000686645508,
  "asof": "2025-09-18T00:53:22Z"
}