{
  "last_close": 72.47000122070312,
  "prev_close": 73.30000305175781,
  "asof": "2025-09-18T00:47:50Z"
}