{
  "last_close": 17.239999771118164,
  "prev_close": 17.3799991607666,
  "asof": "2025-09-17T23:36:53Z"
}