{
  "last_close": 17.239999771118164,
  "prev_close": 17.3799991607666,
  "asof": "2025-09-18T00:27:56Z"
}