{
  "last_close": 304.9700012207031,
  "prev_close": 303.2900085449219,
  "asof": "2025-09-18T00:28:12Z"
}