{
  "last_close": 65.77999877929688,
  "prev_close": 64.44999694824219,
  "asof": "2025-09-18T00:52:13Z"
}