{
  "last_close": 315.3800048828125,
  "prev_close": 327.3699951171875,
  "asof": "2025-09-18T00:52:07Z"
}