{
  "last_close": 62.83000183105469,
  "prev_close": 62.70000076293945,
  "asof": "2025-09-18T00:30:29Z"
}