{
  "last_close": 94.58000183105469,
  "prev_close": 94.19000244140625,
  "asof": "2025-09-18T00:45:38Z"
}