{
  "last_close": 78.68000030517578,
  "prev_close": 78.7300033569336,
  "asof": "2025-09-18T00:40:20Z"
}