{
  "last_close": 31.030000686645508,
  "prev_close": 31.489999771118164,
  "asof": "2025-09-18T00:39:53Z"
}