{
  "last_close": 6.559999942779541,
  "prev_close": 6.570000171661377,
  "asof": "2025-09-18T00:37:07Z"
}