{
  "last_close": 35.290000915527344,
  "prev_close": 35.36000061035156,
  "asof": "2025-09-17T23:36:22Z"
}