{
  "last_close": 35.290000915527344,
  "prev_close": 35.36000061035156,
  "asof": "2025-09-18T00:27:23Z"
}