{
  "last_close": 22.700000762939453,
  "prev_close": 23.940000534057617,
  "asof": "2025-09-18T00:53:18Z"
}