{
  "last_close": 66.80999755859375,
  "prev_close": 67.11000061035156,
  "asof": "2025-09-18T00:29:53Z"
}