{
  "last_close": 119.44000244140625,
  "prev_close": 118.3499984741211,
  "asof": "2025-09-18T00:51:59Z"
}