{
  "last_close": 197.39999389648438,
  "prev_close": 196.8300018310547,
  "asof": "2025-09-18T00:37:26Z"
}