{
  "last_close": 188.38999938964844,
  "prev_close": 195.60000610351562,
  "asof": "2025-09-18T00:52:34Z"
}