{
  "last_close": 66.5199966430664,
  "prev_close": 66.16000366210938,
  "asof": "2025-09-18T00:30:46Z"
}