{
  "last_close": 65.51000213623047,
  "prev_close": 64.80999755859375,
  "asof": "2025-09-18T00:30:40Z"
}