{
  "last_close": 152.47999572753906,
  "prev_close": 153.3300018310547,
  "asof": "2025-09-18T00:29:15Z"
}