{
  "last_close": 176.32000732421875,
  "prev_close": 176.4499969482422,
  "asof": "2025-09-18T00:41:28Z"
}