{
  "last_close": 34.15999984741211,
  "prev_close": 33.81999969482422,
  "asof": "2025-09-18T00:54:28Z"
}