{
  "last_close": 66.80999755859375,
  "prev_close": 65.9800033569336,
  "asof": "2025-09-18T00:54:39Z"
}