{
  "last_close": 184.67999267578125,
  "prev_close": 182.99000549316406,
  "asof": "2025-09-18T00:31:10Z"
}