{
  "last_close": 51.0099983215332,
  "prev_close": 51.060001373291016,
  "asof": "2025-09-18T00:32:12Z"
}