{
  "last_close": 81.13999938964844,
  "prev_close": 81.08999633789062,
  "asof": "2025-09-18T00:42:25Z"
}