{
  "last_close": 34.16999816894531,
  "prev_close": 34.61000061035156,
  "asof": "2025-09-18T00:55:21Z"
}