{
  "last_close": 70.9800033569336,
  "prev_close": 68.86000061035156,
  "asof": "2025-09-18T00:52:47Z"
}