{
  "last_close": 157.41000366210938,
  "prev_close": 155.80999755859375,
  "asof": "2025-09-18T00:38:23Z"
}