{
  "last_close": 507.2799987792969,
  "prev_close": 509.0400085449219,
  "asof": "2025-09-17T15:49:36Z"
}