{
  "last_close": 507.20001220703125,
  "prev_close": 509.0400085449219,
  "asof": "2025-09-17T18:21:06Z"
}