{
  "last_close": 508.239990234375,
  "prev_close": 509.8999938964844,
  "asof": "2025-09-17T15:59:48Z"
}