{
  "last_close": 508.0592041015625,
  "prev_close": 509.8999938964844,
  "asof": "2025-09-17T16:08:16Z"
}