{
  "last_close": 510.0199890136719,
  "prev_close": 509.0400085449219,
  "asof": "2025-09-17T21:38:29Z"
}