{
  "last_close": 329.7099914550781,
  "prev_close": 335.0899963378906,
  "asof": "2025-09-18T00:53:02Z"
}