{
  "last_close": 34.400001525878906,
  "prev_close": 34.7599983215332,
  "asof": "2025-09-18T00:54:05Z"
}