{
  "last_close": 37.59000015258789,
  "prev_close": 37.439998626708984,
  "asof": "2025-09-18T00:25:36Z"
}