{
  "last_close": 37.59000015258789,
  "prev_close": 37.439998626708984,
  "asof": "2025-09-17T23:34:23Z"
}