{
  "last_close": 75.45999908447266,
  "prev_close": 76.30999755859375,
  "asof": "2025-09-17T23:36:00Z"
}