{
  "last_close": 159.99000549316406,
  "prev_close": 158.82000732421875,
  "asof": "2025-09-18T00:53:26Z"
}