{
  "last_close": 15.600000381469727,
  "prev_close": 15.520000457763672,
  "asof": "2025-09-18T00:36:16Z"
}