{
  "last_close": 94.08000183105469,
  "prev_close": 89.43000030517578,
  "asof": "2025-09-18T00:52:55Z"
}