{
  "last_close": 25.3799991607666,
  "prev_close": 25.579999923706055,
  "asof": "2025-09-18T00:28:05Z"
}