{
  "last_close": 25.3799991607666,
  "prev_close": 25.579999923706055,
  "asof": "2025-09-17T23:37:03Z"
}