{
  "last_close": 93.0999984741211,
  "prev_close": 92.54000091552734,
  "asof": "2025-09-18T00:32:55Z"
}