{
  "last_close": 70.30999755859375,
  "prev_close": 69.83000183105469,
  "asof": "2025-09-18T00:56:24Z"
}