{
  "last_close": 78.69000244140625,
  "prev_close": 79.0199966430664,
  "asof": "2025-09-17T22:05:38Z"
}