{
  "last_close": 213.8800048828125,
  "prev_close": 219.24000549316406,
  "asof": "2025-09-18T00:51:14Z"
}