{
  "last_close": 6.460000038146973,
  "prev_close": 6.429999828338623,
  "asof": "2025-09-18T00:54:24Z"
}