{
  "last_close": 39.61000061035156,
  "prev_close": 39.369998931884766,
  "asof": "2025-09-18T00:55:59Z"
}