{
  "last_close": 7.449999809265137,
  "prev_close": 7.019999980926514,
  "asof": "2025-09-17T23:38:27Z"
}