{
  "last_close": 7.449999809265137,
  "prev_close": 7.019999980926514,
  "asof": "2025-09-18T00:29:20Z"
}