{
  "last_close": 21.899999618530273,
  "prev_close": 21.84000015258789,
  "asof": "2025-09-18T00:35:51Z"
}