{
  "last_close": 42.56999969482422,
  "prev_close": 42.54999923706055,
  "asof": "2025-09-18T00:55:19Z"
}