{
  "last_close": 950.3699951171875,
  "prev_close": 932.010009765625,
  "asof": "2025-09-18T00:51:43Z"
}