{
  "last_close": 164.5800018310547,
  "prev_close": 164.22000122070312,
  "asof": "2025-09-18T00:56:45Z"
}