{
  "last_close": 123.91999816894531,
  "prev_close": 123.37000274658203,
  "asof": "2025-09-18T00:51:55Z"
}