{
  "last_close": 22.709999084472656,
  "prev_close": 23.549999237060547,
  "asof": "2025-09-17T23:34:03Z"
}