{
  "last_close": 77.66000366210938,
  "prev_close": 77.69999694824219,
  "asof": "2025-09-18T00:50:47Z"
}