{
  "last_close": 56.47999954223633,
  "prev_close": 56.709999084472656,
  "asof": "2025-09-18T00:54:17Z"
}