{
  "last_close": 175.42999267578125,
  "prev_close": 175.00999450683594,
  "asof": "2025-09-18T00:42:00Z"
}