{
  "last_close": 15.960000038146973,
  "prev_close": 15.890000343322754,
  "asof": "2025-09-18T00:40:07Z"
}