{
  "last_close": 142.8000030517578,
  "prev_close": 142.92999267578125,
  "asof": "2025-09-18T00:53:44Z"
}