{
  "last_close": 169.92579650878906,
  "prev_close": 174.8800048828125,
  "asof": "2025-09-17T18:21:13Z"
}