{
  "last_close": 169.4987030029297,
  "prev_close": 174.8800048828125,
  "asof": "2025-09-17T15:59:53Z"
}