{
  "last_close": 170.2899932861328,
  "prev_close": 174.8800048828125,
  "asof": "2025-09-18T00:52:41Z"
}