{
  "last_close": 58.20000076293945,
  "prev_close": 57.20000076293945,
  "asof": "2025-09-18T00:46:38Z"
}