{
  "last_close": 122.47000122070312,
  "prev_close": 122.77999877929688,
  "asof": "2025-09-18T00:42:15Z"
}