{
  "last_close": 96.45999908447266,
  "prev_close": 96.19999694824219,
  "asof": "2025-09-18T00:48:55Z"
}