{
  "last_close": 14.420000076293945,
  "prev_close": 14.430000305175781,
  "asof": "2025-09-18T00:39:23Z"
}