{
  "last_close": 30.229999542236328,
  "prev_close": 29.729999542236328,
  "asof": "2025-09-17T23:34:16Z"
}