{
  "last_close": 30.229999542236328,
  "prev_close": 29.729999542236328,
  "asof": "2025-09-18T00:25:29Z"
}