{
  "last_close": 221.88999938964844,
  "prev_close": 220.99000549316406,
  "asof": "2025-09-18T00:50:52Z"
}