{
  "last_close": 68.70999908447266,
  "prev_close": 66.8499984741211,
  "asof": "2025-09-18T00:48:35Z"
}