{
  "last_close": 58.47999954223633,
  "prev_close": 58.310001373291016,
  "asof": "2025-09-17T23:35:04Z"
}