{
  "last_close": 59.709999084472656,
  "prev_close": 59.97999954223633,
  "asof": "2025-09-18T00:55:50Z"
}