{
  "last_close": 13.739999771118164,
  "prev_close": 13.699999809265137,
  "asof": "2025-09-18T00:35:13Z"
}