{
  "last_close": 141.7899932861328,
  "prev_close": 147.02000427246094,
  "asof": "2025-09-18T00:47:10Z"
}