{
  "last_close": 44.11000061035156,
  "prev_close": 43.63999938964844,
  "asof": "2025-09-18T00:56:33Z"
}