{
  "last_close": 41.630001068115234,
  "prev_close": 42.060001373291016,
  "asof": "2025-09-18T00:55:38Z"
}