{
  "last_close": 72.86000061035156,
  "prev_close": 72.58000183105469,
  "asof": "2025-09-18T00:31:36Z"
}