{
  "last_close": 95.29000091552734,
  "prev_close": 95.83000183105469,
  "asof": "2025-09-18T00:56:44Z"
}