{
  "last_close": 137.07000732421875,
  "prev_close": 135.08999633789062,
  "asof": "2025-09-18T00:28:52Z"
}