{
  "last_close": 137.07000732421875,
  "prev_close": 135.08999633789062,
  "asof": "2025-09-17T23:37:58Z"
}