{
  "last_close": 76.5999984741211,
  "prev_close": 76.9000015258789,
  "asof": "2025-09-17T23:34:20Z"
}