{
  "last_close": 76.5999984741211,
  "prev_close": 76.9000015258789,
  "asof": "2025-09-18T00:25:32Z"
}