{
  "last_close": 49.79999923706055,
  "prev_close": 49.560001373291016,
  "asof": "2025-09-18T00:51:10Z"
}