{
  "last_close": 21.979999542236328,
  "prev_close": 21.790000915527344,
  "asof": "2025-09-18T00:40:49Z"
}