{
  "last_close": 43.84000015258789,
  "prev_close": 43.02000045776367,
  "asof": "2025-09-17T23:37:14Z"
}