{
  "last_close": 10.210000038146973,
  "prev_close": 8.920000076293945,
  "asof": "2025-09-18T00:54:53Z"
}