{
  "last_close": 301.4100036621094,
  "prev_close": 306.6499938964844,
  "asof": "2025-09-18T00:50:27Z"
}