{
  "last_close": 39.65999984741211,
  "prev_close": 39.20000076293945,
  "asof": "2025-09-18T00:35:28Z"
}