{
  "last_close": 104.55000305175781,
  "prev_close": 105.38999938964844,
  "asof": "2025-09-17T23:37:43Z"
}