{
  "last_close": 36.70000076293945,
  "prev_close": 36.59000015258789,
  "asof": "2025-09-18T00:52:52Z"
}