{
  "last_close": 89.63999938964844,
  "prev_close": 89.20999908447266,
  "asof": "2025-09-18T00:49:18Z"
}