{
  "last_close": 41.959999084472656,
  "prev_close": 42.349998474121094,
  "asof": "2025-09-18T00:31:05Z"
}