{
  "last_close": 18.549999237060547,
  "prev_close": 18.549999237060547,
  "asof": "2025-09-18T00:38:53Z"
}