{
  "last_close": 47.189998626708984,
  "prev_close": 47.7599983215332,
  "asof": "2025-09-18T00:31:20Z"
}