{
  "last_close": 17.40999984741211,
  "prev_close": 17.360000610351562,
  "asof": "2025-09-18T00:32:27Z"
}