{
  "last_close": 35.34000015258789,
  "prev_close": 36.209999084472656,
  "asof": "2025-09-18T00:54:15Z"
}