{
  "last_close": 203.1199951171875,
  "prev_close": 201.33999633789062,
  "asof": "2025-09-18T00:51:41Z"
}