{
  "last_close": 11.819999694824219,
  "prev_close": 11.569999694824219,
  "asof": "2025-09-18T00:50:41Z"
}