{
  "last_close": 132.4600067138672,
  "prev_close": 131.6199951171875,
  "asof": "2025-09-18T00:49:29Z"
}