{
  "last_close": 39.540000915527344,
  "prev_close": 39.349998474121094,
  "asof": "2025-09-18T00:32:16Z"
}