{
  "last_close": 12.920000076293945,
  "prev_close": 12.9399995803833,
  "asof": "2025-09-18T00:31:38Z"
}