{
  "last_close": 100.86000061035156,
  "prev_close": 102.86000061035156,
  "asof": "2025-09-18T00:50:02Z"
}