{
  "last_close": 15.09000015258789,
  "prev_close": 14.949999809265137,
  "asof": "2025-09-18T00:55:56Z"
}