{
  "last_close": 72.55999755859375,
  "prev_close": 71.72000122070312,
  "asof": "2025-09-18T00:51:21Z"
}