{
  "last_close": 134.86000061035156,
  "prev_close": 129.05999755859375,
  "asof": "2025-09-18T00:28:44Z"
}