{
  "last_close": 80.43000030517578,
  "prev_close": 81.22000122070312,
  "asof": "2025-09-18T00:56:39Z"
}