{
  "last_close": 58.52000045776367,
  "prev_close": 58.040000915527344,
  "asof": "2025-09-18T00:52:30Z"
}