{
  "last_close": 141.22999572753906,
  "prev_close": 140.02999877929688,
  "asof": "2025-09-17T23:39:23Z"
}