{
  "last_close": 24.049999237060547,
  "prev_close": 23.899999618530273,
  "asof": "2025-09-18T00:41:32Z"
}