{
  "last_close": 80.86000061035156,
  "prev_close": 80.08999633789062,
  "asof": "2025-09-18T00:40:30Z"
}