{
  "last_close": 108.72000122070312,
  "prev_close": 104.73999786376953,
  "asof": "2025-09-18T00:30:22Z"
}