{
  "last_close": 160.3300018310547,
  "prev_close": 158.0500030517578,
  "asof": "2025-09-17T23:39:25Z"
}