{
  "last_close": 243.61000061035156,
  "prev_close": 244.97000122070312,
  "asof": "2025-09-18T00:37:44Z"
}