{
  "last_close": 134.10000610351562,
  "prev_close": 133.8699951171875,
  "asof": "2025-09-17T23:36:58Z"
}