{
  "last_close": 113.88999938964844,
  "prev_close": 114.02999877929688,
  "asof": "2025-09-18T00:55:51Z"
}