{
  "last_close": 98.63999938964844,
  "prev_close": 100.7699966430664,
  "asof": "2025-09-17T23:36:45Z"
}