{
  "last_close": 168.3300018310547,
  "prev_close": 170.25999450683594,
  "asof": "2025-09-18T00:53:24Z"
}