{
  "last_close": 166.3000030517578,
  "prev_close": 162.9600067138672,
  "asof": "2025-09-18T00:30:00Z"
}