{
  "last_close": 166.3000030517578,
  "prev_close": 162.9600067138672,
  "asof": "2025-09-17T23:39:09Z"
}