{
  "last_close": 203.77000427246094,
  "prev_close": 200.94000244140625,
  "asof": "2025-09-18T00:36:52Z"
}