{
  "last_close": 96.93000030517578,
  "prev_close": 94.6500015258789,
  "asof": "2025-09-18T00:36:26Z"
}