{
  "last_close": 109.45999908447266,
  "prev_close": 111.01000213623047,
  "asof": "2025-09-18T00:48:19Z"
}