{
  "last_close": 86.11000061035156,
  "prev_close": 85.9000015258789,
  "asof": "2025-09-18T00:56:03Z"
}