{
  "last_close": 17.469999313354492,
  "prev_close": 17.1299991607666,
  "asof": "2025-09-18T00:51:05Z"
}