{
  "last_close": 42.31999969482422,
  "prev_close": 42.540000915527344,
  "asof": "2025-09-17T23:39:10Z"
}