{
  "last_close": 42.31999969482422,
  "prev_close": 42.540000915527344,
  "asof": "2025-09-18T00:30:01Z"
}