{
  "last_close": 108.0999984741211,
  "prev_close": 108.36000061035156,
  "asof": "2025-09-18T00:54:00Z"
}