{
  "last_close": 35.61000061035156,
  "prev_close": 35.4900016784668,
  "asof": "2025-09-18T00:56:31Z"
}