{
  "last_close": 13.5600004196167,
  "prev_close": 13.390000343322754,
  "asof": "2025-09-18T00:30:55Z"
}