{
  "last_close": 22.600000381469727,
  "prev_close": 22.610000610351562,
  "asof": "2025-09-17T23:39:04Z"
}