{
  "last_close": 103.01000213623047,
  "prev_close": 102.1500015258789,
  "asof": "2025-09-18T00:38:07Z"
}