{
  "last_close": 17.920000076293945,
  "prev_close": 17.530000686645508,
  "asof": "2025-09-18T00:26:25Z"
}