{
  "last_close": 85.79000091552734,
  "prev_close": 87.08999633789062,
  "asof": "2025-09-18T00:52:22Z"
}