{
  "last_close": 133.13999938964844,
  "prev_close": 133.0399932861328,
  "asof": "2025-09-18T00:31:02Z"
}