{
  "last_close": 203.97999572753906,
  "prev_close": 204.9499969482422,
  "asof": "2025-09-18T00:51:49Z"
}