{
  "last_close": 376.010009765625,
  "prev_close": 378.239990234375,
  "asof": "2025-09-18T00:48:00Z"
}