{
  "last_close": 68.62000274658203,
  "prev_close": 66.8499984741211,
  "asof": "2025-09-18T00:36:02Z"
}