{
  "last_close": 22.540000915527344,
  "prev_close": 18.979999542236328,
  "asof": "2025-09-18T00:53:29Z"
}