{
  "last_close": 165.25999450683594,
  "prev_close": 164.13999938964844,
  "asof": "2025-09-18T00:52:37Z"
}