{
  "last_close": 45.41999816894531,
  "prev_close": 45.599998474121094,
  "asof": "2025-09-18T00:43:43Z"
}