{
  "last_close": 87.66999816894531,
  "prev_close": 86.94000244140625,
  "asof": "2025-09-18T00:51:45Z"
}