{
  "last_close": 10.260000228881836,
  "prev_close": 10.149999618530273,
  "asof": "2025-09-17T23:38:30Z"
}