{
  "last_close": 10.260000228881836,
  "prev_close": 10.149999618530273,
  "asof": "2025-09-18T00:29:23Z"
}