{
  "last_close": 63.88999938964844,
  "prev_close": 63.849998474121094,
  "asof": "2025-09-18T00:28:16Z"
}