{
  "last_close": 20.940000534057617,
  "prev_close": 20.950000762939453,
  "asof": "2025-09-18T00:47:48Z"
}