{
  "last_close": 135.3800048828125,
  "prev_close": 135.83999633789062,
  "asof": "2025-09-17T23:34:55Z"
}