{
  "last_close": 323.07000732421875,
  "prev_close": 321.70001220703125,
  "asof": "2025-09-18T00:26:36Z"
}