{
  "last_close": 266.4700012207031,
  "prev_close": 266.6600036621094,
  "asof": "2025-09-17T23:34:01Z"
}