{
  "last_close": 266.4700012207031,
  "prev_close": 266.6600036621094,
  "asof": "2025-09-18T00:25:15Z"
}