{
  "last_close": 14.859999656677246,
  "prev_close": 14.729999542236328,
  "asof": "2025-09-18T00:45:22Z"
}