{
  "last_close": 69.76000213623047,
  "prev_close": 70.37999725341797,
  "asof": "2025-09-18T00:55:03Z"
}