{
  "last_close": 47.09000015258789,
  "prev_close": 46.689998626708984,
  "asof": "2025-09-18T00:49:58Z"
}