{
  "last_close": 42.279998779296875,
  "prev_close": 42.790000915527344,
  "asof": "2025-09-18T00:55:27Z"
}