{
  "last_close": 39.630001068115234,
  "prev_close": 39.599998474121094,
  "asof": "2025-09-18T00:50:20Z"
}