{
  "last_close": 26.93000030517578,
  "prev_close": 26.559999465942383,
  "asof": "2025-09-18T00:40:04Z"
}