{
  "last_close": 15.600000381469727,
  "prev_close": 14.3100004196167,
  "asof": "2025-09-18T00:46:56Z"
}