{
  "last_close": 62.9900016784668,
  "prev_close": 63.439998626708984,
  "asof": "2025-09-18T00:54:23Z"
}