{
  "last_close": 17.6200008392334,
  "prev_close": 17.520000457763672,
  "asof": "2025-09-18T00:52:59Z"
}