{
  "last_close": 12.460000038146973,
  "prev_close": 12.069999694824219,
  "asof": "2025-09-18T00:33:55Z"
}