{
  "last_close": 14.109999656677246,
  "prev_close": 14.319999694824219,
  "asof": "2025-09-18T00:26:41Z"
}