{
  "last_close": 48.08000183105469,
  "prev_close": 47.244998931884766,
  "asof": "2025-09-18T00:50:23Z"
}