{
  "last_close": 21.15999984741211,
  "prev_close": 20.770000457763672,
  "asof": "2025-09-18T00:38:30Z"
}