{
  "last_close": 97.5199966430664,
  "prev_close": 97.05000305175781,
  "asof": "2025-09-18T00:50:36Z"
}