{
  "last_close": 271.7099914550781,
  "prev_close": 272.6000061035156,
  "asof": "2025-09-18T00:43:46Z"
}