{
  "last_close": 40.060001373291016,
  "prev_close": 41.439998626708984,
  "asof": "2025-09-18T00:46:52Z"
}