{
  "last_close": 15.279999732971191,
  "prev_close": 14.180000305175781,
  "asof": "2025-09-18T00:42:58Z"
}