{
  "last_close": 98.33999633789062,
  "prev_close": 97.91000366210938,
  "asof": "2025-09-18T00:25:19Z"
}