{
  "last_close": 56.13999938964844,
  "prev_close": 55.22999954223633,
  "asof": "2025-09-18T00:48:18Z"
}