{
  "last_close": 146.66000366210938,
  "prev_close": 146.4499969482422,
  "asof": "2025-09-18T00:27:27Z"
}