{
  "last_close": 35.63999938964844,
  "prev_close": 35.41999816894531,
  "asof": "2025-09-18T00:44:45Z"
}