{
  "last_close": 35.540000915527344,
  "prev_close": 35.88999938964844,
  "asof": "2025-09-18T00:32:23Z"
}