{
  "last_close": 226.27000427246094,
  "prev_close": 225.3300018310547,
  "asof": "2025-09-18T00:48:09Z"
}