{
  "last_close": 158.30999755859375,
  "prev_close": 158.5800018310547,
  "asof": "2025-09-18T00:48:40Z"
}