{
  "last_close": 43.810001373291016,
  "prev_close": 44.70000076293945,
  "asof": "2025-09-18T00:46:30Z"
}