{
  "last_close": 85.38999938964844,
  "prev_close": 85.27999877929688,
  "asof": "2025-09-18T00:41:50Z"
}