{
  "last_close": 146.33999633789062,
  "prev_close": 146.0399932861328,
  "asof": "2025-09-18T00:35:48Z"
}