{
  "last_close": 57.599998474121094,
  "prev_close": 57.810001373291016,
  "asof": "2025-09-18T00:47:54Z"
}