{
  "last_close": 53.400001525878906,
  "prev_close": 52.59000015258789,
  "asof": "2025-09-18T00:37:56Z"
}