{
  "last_close": 15.4399995803833,
  "prev_close": 15.699999809265137,
  "asof": "2025-09-18T00:49:45Z"
}