{
  "last_close": 18.360000610351562,
  "prev_close": 17.8700008392334,
  "asof": "2025-09-18T00:51:50Z"
}