{
  "last_close": 21.110000610351562,
  "prev_close": 21.610000610351562,
  "asof": "2025-09-18T00:53:21Z"
}