{
  "last_close": 10.069999694824219,
  "prev_close": 10.010000228881836,
  "asof": "2025-09-18T00:37:10Z"
}