{
  "last_close": 261.4200134277344,
  "prev_close": 253.60000610351562,
  "asof": "2025-09-18T00:52:15Z"
}