{
  "last_close": 27.520000457763672,
  "prev_close": 27.309999465942383,
  "asof": "2025-09-18T00:49:07Z"
}