{
  "last_close": 71.80999755859375,
  "prev_close": 69.80000305175781,
  "asof": "2025-09-17T23:33:58Z"
}