{
  "last_close": 23.969999313354492,
  "prev_close": 23.8700008392334,
  "asof": "2025-09-18T00:55:57Z"
}