{
  "last_close": 8.550000190734863,
  "prev_close": 8.619999885559082,
  "asof": "2025-09-18T00:54:21Z"
}