{
  "last_close": 83.22000122070312,
  "prev_close": 84.37000274658203,
  "asof": "2025-09-18T00:28:28Z"
}