{
  "last_close": 106.87999725341797,
  "prev_close": 108.44999694824219,
  "asof": "2025-09-18T00:54:43Z"
}