{
  "last_close": 92.08999633789062,
  "prev_close": 91.02999877929688,
  "asof": "2025-09-17T22:05:32Z"
}