{
  "last_close": 186.88999938964844,
  "prev_close": 189.07000732421875,
  "asof": "2025-09-17T23:37:46Z"
}