{
  "last_close": 24.329999923706055,
  "prev_close": 24.1200008392334,
  "asof": "2025-09-17T23:39:34Z"
}