{
  "last_close": 24.329999923706055,
  "prev_close": 24.1200008392334,
  "asof": "2025-09-18T00:30:21Z"
}