{
  "last_close": 123.36000061035156,
  "prev_close": 125.5199966430664,
  "asof": "2025-09-17T23:38:58Z"
}