{
  "last_close": 12.869999885559082,
  "prev_close": 13.09000015258789,
  "asof": "2025-09-17T23:36:10Z"
}