{
  "last_close": 85.05000305175781,
  "prev_close": 85.18000030517578,
  "asof": "2025-09-18T00:27:22Z"
}