{
  "last_close": 85.05000305175781,
  "prev_close": 85.18000030517578,
  "asof": "2025-09-17T23:36:20Z"
}