{
  "last_close": 71.41000366210938,
  "prev_close": 72.33000183105469,
  "asof": "2025-09-18T00:31:19Z"
}