{
  "last_close": 147.8699951171875,
  "prev_close": 147.2100067138672,
  "asof": "2025-09-18T00:51:33Z"
}