{
  "last_close": 350.2099914550781,
  "prev_close": 353.20001220703125,
  "asof": "2025-09-18T00:53:40Z"
}