{
  "last_close": 23.1200008392334,
  "prev_close": 23.290000915527344,
  "asof": "2025-09-17T23:34:05Z"
}