{
  "last_close": 105.19000244140625,
  "prev_close": 104.54000091552734,
  "asof": "2025-09-17T23:38:33Z"
}