{
  "last_close": 105.19000244140625,
  "prev_close": 104.54000091552734,
  "asof": "2025-09-18T00:29:26Z"
}