{
  "last_close": 34.790000915527344,
  "prev_close": 35.2400016784668,
  "asof": "2025-09-18T00:31:04Z"
}