{
  "last_close": 28.1200008392334,
  "prev_close": 28.040000915527344,
  "asof": "2025-09-18T00:32:47Z"
}