{
  "last_close": 44.900001525878906,
  "prev_close": 44.90999984741211,
  "asof": "2025-09-18T00:53:14Z"
}