{
  "last_close": 16.610000610351562,
  "prev_close": 16.600000381469727,
  "asof": "2025-09-18T00:38:59Z"
}