{
  "last_close": 18.09000015258789,
  "prev_close": 18.1200008392334,
  "asof": "2025-09-18T00:46:45Z"
}