{
  "last_close": 62.220001220703125,
  "prev_close": 62.54999923706055,
  "asof": "2025-09-18T00:51:42Z"
}