{
  "last_close": 113.94999694824219,
  "prev_close": 113.01000213623047,
  "asof": "2025-09-17T23:36:55Z"
}