{
  "last_close": 113.94999694824219,
  "prev_close": 113.01000213623047,
  "asof": "2025-09-18T00:27:58Z"
}