{
  "last_close": 7.989999771118164,
  "prev_close": 7.739999771118164,
  "asof": "2025-09-18T00:26:14Z"
}