{
  "last_close": 7.989999771118164,
  "prev_close": 7.739999771118164,
  "asof": "2025-09-17T23:35:06Z"
}