{
  "last_close": 93.97000122070312,
  "prev_close": 91.55000305175781,
  "asof": "2025-09-18T00:53:13Z"
}