{
  "last_close": 217.9600067138672,
  "prev_close": 215.9499969482422,
  "asof": "2025-09-18T00:51:12Z"
}