{
  "last_close": 425.3999938964844,
  "prev_close": 425.9700012207031,
  "asof": "2025-09-18T00:50:34Z"
}