{
  "last_close": 51.41999816894531,
  "prev_close": 50.56999969482422,
  "asof": "2025-09-18T00:38:03Z"
}