{
  "last_close": 46.970001220703125,
  "prev_close": 46.86000061035156,
  "asof": "2025-09-18T00:44:26Z"
}