{
  "last_close": 91.62999725341797,
  "prev_close": 91.36000061035156,
  "asof": "2025-09-18T00:56:16Z"
}