{
  "last_close": 27.139999389648438,
  "prev_close": 27.420000076293945,
  "asof": "2025-09-18T00:41:07Z"
}