{
  "last_close": 29.15999984741211,
  "prev_close": 28.81999969482422,
  "asof": "2025-09-17T23:38:01Z"
}