{
  "last_close": 15.119999885559082,
  "prev_close": 14.6899995803833,
  "asof": "2025-09-18T00:50:32Z"
}