{
  "last_close": 181.55999755859375,
  "prev_close": 181.52000427246094,
  "asof": "2025-09-18T00:55:13Z"
}