{
  "last_close": 544.0999755859375,
  "prev_close": 541.2899780273438,
  "asof": "2025-09-18T00:34:16Z"
}