{
  "last_close": 707.1900024414062,
  "prev_close": 704.0599975585938,
  "asof": "2025-09-17T23:35:10Z"
}