{
  "last_close": 43.349998474121094,
  "prev_close": 43.650001525878906,
  "asof": "2025-09-18T00:53:48Z"
}