{
  "last_close": 28.93000030517578,
  "prev_close": 30.239999771118164,
  "asof": "2025-09-17T23:38:18Z"
}