{
  "last_close": 28.93000030517578,
  "prev_close": 30.239999771118164,
  "asof": "2025-09-18T00:29:11Z"
}