{
  "last_close": 82.6500015258789,
  "prev_close": 82.69999694824219,
  "asof": "2025-09-18T00:56:32Z"
}