{
  "last_close": 88.83000183105469,
  "prev_close": 88.45999908447266,
  "asof": "2025-09-18T00:48:54Z"
}