{
  "last_close": 35.380001068115234,
  "prev_close": 35.95000076293945,
  "asof": "2025-09-18T00:55:24Z"
}