{
  "last_close": 9.680000305175781,
  "prev_close": 9.720000267028809,
  "asof": "2025-09-17T23:36:05Z"
}