{
  "last_close": 9.680000305175781,
  "prev_close": 9.720000267028809,
  "asof": "2025-09-18T00:27:08Z"
}