{
  "last_close": 136.85000610351562,
  "prev_close": 139.6699981689453,
  "asof": "2025-09-18T00:53:38Z"
}