{
  "last_close": 27.190000534057617,
  "prev_close": 27.239999771118164,
  "asof": "2025-09-18T00:51:53Z"
}