{
  "last_close": 111.69999694824219,
  "prev_close": 110.48999786376953,
  "asof": "2025-09-18T00:36:33Z"
}