{
  "last_close": 20.280000686645508,
  "prev_close": 20.18000030517578,
  "asof": "2025-09-18T00:36:37Z"
}