{
  "last_close": 213.36000061035156,
  "prev_close": 211.1300048828125,
  "asof": "2025-09-18T00:52:14Z"
}