{
  "last_close": 133.0399932861328,
  "prev_close": 134.67999267578125,
  "asof": "2025-09-17T23:38:35Z"
}