{
  "last_close": 42.849998474121094,
  "prev_close": 43.02000045776367,
  "asof": "2025-09-18T00:31:24Z"
}