{
  "last_close": 128.4600067138672,
  "prev_close": 128.47000122070312,
  "asof": "2025-09-18T00:55:07Z"
}