{
  "last_close": 9.579999923706055,
  "prev_close": 9.569999694824219,
  "asof": "2025-09-18T00:53:55Z"
}