{
  "last_close": 44.040000915527344,
  "prev_close": 44.279998779296875,
  "asof": "2025-09-18T00:53:36Z"
}