{
  "last_close": 78.18000030517578,
  "prev_close": 77.80999755859375,
  "asof": "2025-09-18T00:47:41Z"
}