{
  "last_close": 74.48999786376953,
  "prev_close": 74.22000122070312,
  "asof": "2025-09-18T00:52:18Z"
}