{
  "last_close": 74.81999969482422,
  "prev_close": 74.52999877929688,
  "asof": "2025-09-18T00:35:10Z"
}