{
  "last_close": 376.8800048828125,
  "prev_close": 376.6199951171875,
  "asof": "2025-09-18T00:44:11Z"
}