{
  "last_close": 49.18000030517578,
  "prev_close": 51.61000061035156,
  "asof": "2025-09-18T00:47:45Z"
}