{
  "last_close": 82.45999908447266,
  "prev_close": 81.52999877929688,
  "asof": "2025-09-18T00:30:35Z"
}