{
  "last_close": 29.540000915527344,
  "prev_close": 29.329999923706055,
  "asof": "2025-09-18T00:26:05Z"
}