{
  "last_close": 15.09000015258789,
  "prev_close": 15.119999885559082,
  "asof": "2025-09-18T00:44:00Z"
}