{
  "last_close": 11.350000381469727,
  "prev_close": 11.100000381469727,
  "asof": "2025-09-18T00:29:17Z"
}