{
  "last_close": 46.86000061035156,
  "prev_close": 47.43000030517578,
  "asof": "2025-09-18T00:29:42Z"
}