{
  "last_close": 85.16000366210938,
  "prev_close": 83.83999633789062,
  "asof": "2025-09-17T23:34:58Z"
}