{
  "last_close": 76.79000091552734,
  "prev_close": 76.58000183105469,
  "asof": "2025-09-18T00:27:59Z"
}