{
  "last_close": 78.4000015258789,
  "prev_close": 77.87999725341797,
  "asof": "2025-09-18T00:38:37Z"
}