{
  "last_close": 51.52000045776367,
  "prev_close": 51.779998779296875,
  "asof": "2025-09-18T00:41:38Z"
}