{
  "last_close": 39.65999984741211,
  "prev_close": 40.189998626708984,
  "asof": "2025-09-18T00:54:38Z"
}