{
  "last_close": 213.8300018310547,
  "prev_close": 212.55999755859375,
  "asof": "2025-09-18T00:51:30Z"
}