{
  "last_close": 86.44999694824219,
  "prev_close": 87.04000091552734,
  "asof": "2025-09-18T00:42:30Z"
}