{
  "last_close": 114.31999969482422,
  "prev_close": 113.93000030517578,
  "asof": "2025-09-18T00:50:38Z"
}