{
  "last_close": 18.3799991607666,
  "prev_close": 18.68000030517578,
  "asof": "2025-09-18T00:46:08Z"
}