{
  "last_close": 45.380001068115234,
  "prev_close": 44.560001373291016,
  "asof": "2025-09-18T00:37:33Z"
}