{
  "last_close": 88.93000030517578,
  "prev_close": 89.72000122070312,
  "asof": "2025-09-18T00:29:34Z"
}