{
  "last_close": 32.040000915527344,
  "prev_close": 31.989999771118164,
  "asof": "2025-09-18T00:44:48Z"
}