{
  "last_close": 183.47000122070312,
  "prev_close": 182.82000732421875,
  "asof": "2025-09-18T00:45:32Z"
}