{
  "last_close": 48.29999923706055,
  "prev_close": 47.72999954223633,
  "asof": "2025-09-17T23:35:08Z"
}