{
  "last_close": 140.0399932861328,
  "prev_close": 139.5500030517578,
  "asof": "2025-09-18T00:28:14Z"
}