{
  "last_close": 408.0899963378906,
  "prev_close": 409.6000061035156,
  "asof": "2025-09-18T00:56:23Z"
}