{
  "last_close": 26.360000610351562,
  "prev_close": 25.479999542236328,
  "asof": "2025-09-17T23:34:00Z"
}