{
  "last_close": 472.6400146484375,
  "prev_close": 480.739990234375,
  "asof": "2025-09-18T00:42:51Z"
}