{
  "last_close": 239.4499969482422,
  "prev_close": 237.6199951171875,
  "asof": "2025-09-17T23:34:48Z"
}