{
  "last_close": 140.16000366210938,
  "prev_close": 141.3000030517578,
  "asof": "2025-09-17T23:36:16Z"
}