{
  "last_close": 40.650001525878906,
  "prev_close": 39.959999084472656,
  "asof": "2025-09-18T00:32:52Z"
}