{
  "last_close": 62.619998931884766,
  "prev_close": 62.13999938964844,
  "asof": "2025-09-18T00:33:48Z"
}