{
  "last_close": 53.84000015258789,
  "prev_close": 58.290000915527344,
  "asof": "2025-09-18T00:47:17Z"
}