{
  "last_close": 166.52000427246094,
  "prev_close": 162.94000244140625,
  "asof": "2025-09-18T00:32:30Z"
}