{
  "last_close": 169.2100067138672,
  "prev_close": 169.7100067138672,
  "asof": "2025-09-18T00:49:26Z"
}