{
  "last_close": 79.63999938964844,
  "prev_close": 80.88999938964844,
  "asof": "2025-09-18T00:50:44Z"
}