{
  "last_close": 104.86000061035156,
  "prev_close": 103.69000244140625,
  "asof": "2025-09-18T00:38:26Z"
}