{
  "last_close": 52.400001525878906,
  "prev_close": 52.099998474121094,
  "asof": "2025-09-18T00:32:05Z"
}