{
  "last_close": 91.69999694824219,
  "prev_close": 89.9800033569336,
  "asof": "2025-09-18T00:48:25Z"
}