{
  "last_close": 275.0299987792969,
  "prev_close": 271.95001220703125,
  "asof": "2025-09-18T00:37:52Z"
}