{
  "last_close": 35.33000183105469,
  "prev_close": 36.290000915527344,
  "asof": "2025-09-18T00:31:27Z"
}