{
  "last_close": 59.099998474121094,
  "prev_close": 58.9900016784668,
  "asof": "2025-09-18T00:29:10Z"
}