{
  "last_close": 425.8599853515625,
  "prev_close": 421.6199951171875,
  "asof": "2025-09-17T23:38:29Z"
}