{
  "last_close": 425.8599853515625,
  "prev_close": 421.6199951171875,
  "asof": "2025-09-18T00:29:21Z"
}