{
  "last_close": 262.7900085449219,
  "prev_close": 262.05999755859375,
  "asof": "2025-09-18T00:52:36Z"
}