{
  "last_close": 54.119998931884766,
  "prev_close": 54.34000015258789,
  "asof": "2025-09-17T23:38:44Z"
}