{
  "last_close": 398.9599914550781,
  "prev_close": 399.989990234375,
  "asof": "2025-09-18T00:47:03Z"
}