{
  "last_close": 45.369998931884766,
  "prev_close": 44.89500045776367,
  "asof": "2025-09-17T23:34:36Z"
}