{
  "last_close": 61.189998626708984,
  "prev_close": 62.099998474121094,
  "asof": "2025-09-18T00:31:32Z"
}