{
  "last_close": 36.11000061035156,
  "prev_close": 36.470001220703125,
  "asof": "2025-09-18T00:49:36Z"
}