{
  "last_close": 250.52000427246094,
  "prev_close": 247.72999572753906,
  "asof": "2025-09-17T23:34:41Z"
}