{
  "last_close": 250.52000427246094,
  "prev_close": 247.72999572753906,
  "asof": "2025-09-18T00:25:51Z"
}