{
  "last_close": 16.06999969482422,
  "prev_close": 15.920000076293945,
  "asof": "2025-09-17T23:34:35Z"
}