{
  "last_close": 117.20999908447266,
  "prev_close": 117.23999786376953,
  "asof": "2025-09-18T00:33:29Z"
}