{
  "last_close": 103.52999877929688,
  "prev_close": 102.11000061035156,
  "asof": "2025-09-18T00:52:21Z"
}