{
  "last_close": 180.3000030517578,
  "prev_close": 177.6300048828125,
  "asof": "2025-09-18T00:51:47Z"
}