{
  "last_close": 56.61000061035156,
  "prev_close": 56.630001068115234,
  "asof": "2025-09-18T00:56:06Z"
}