{
  "last_close": 82.70999908447266,
  "prev_close": 83.43000030517578,
  "asof": "2025-09-18T00:48:34Z"
}