{
  "last_close": 45.56999969482422,
  "prev_close": 45.91999816894531,
  "asof": "2025-09-18T00:52:40Z"
}