{
  "last_close": 105.51000213623047,
  "prev_close": 104.19999694824219,
  "asof": "2025-09-18T00:47:34Z"
}