{
  "last_close": 92.94999694824219,
  "prev_close": 97.83000183105469,
  "asof": "2025-09-18T00:50:12Z"
}