{
  "last_close": 41.43000030517578,
  "prev_close": 41.31999969482422,
  "asof": "2025-09-18T00:36:44Z"
}