{
  "last_close": 37.310001373291016,
  "prev_close": 37.310001373291016,
  "asof": "2025-09-18T00:55:00Z"
}