{
  "last_close": 12.239999771118164,
  "prev_close": 12.34000015258789,
  "asof": "2025-09-18T00:30:59Z"
}