{
  "last_close": 32.86000061035156,
  "prev_close": 33.119998931884766,
  "asof": "2025-09-18T00:56:04Z"
}