{
  "last_close": 62.41999816894531,
  "prev_close": 61.86000061035156,
  "asof": "2025-09-17T23:39:12Z"
}