{
  "last_close": 62.41999816894531,
  "prev_close": 61.86000061035156,
  "asof": "2025-09-18T00:30:03Z"
}