{
  "last_close": 6.900000095367432,
  "prev_close": 6.829999923706055,
  "asof": "2025-09-18T00:52:23Z"
}