{
  "last_close": 341.6099853515625,
  "prev_close": 339.7799987792969,
  "asof": "2025-09-18T00:45:25Z"
}