{
  "last_close": 75.0999984741211,
  "prev_close": 74.20999908447266,
  "asof": "2025-09-18T00:38:49Z"
}