{
  "last_close": 84.18000030517578,
  "prev_close": 85.19999694824219,
  "asof": "2025-09-18T00:49:19Z"
}