{
  "last_close": 68.12000274658203,
  "prev_close": 67.16999816894531,
  "asof": "2025-09-18T00:40:55Z"
}