{
  "last_close": 70.08999633789062,
  "prev_close": 70.33000183105469,
  "asof": "2025-09-17T23:35:22Z"
}