{
  "last_close": 49.61000061035156,
  "prev_close": 48.38999938964844,
  "asof": "2025-09-18T00:36:48Z"
}