{
  "last_close": 78.79000091552734,
  "prev_close": 77.69999694824219,
  "asof": "2025-09-18T00:30:11Z"
}