{
  "last_close": 346.20001220703125,
  "prev_close": 340.0299987792969,
  "asof": "2025-09-18T00:34:29Z"
}