{
  "last_close": 10.880000114440918,
  "prev_close": 10.90999984741211,
  "asof": "2025-09-18T00:54:35Z"
}