{
  "last_close": 274.5799865722656,
  "prev_close": 273.8800048828125,
  "asof": "2025-09-17T22:13:23Z"
}