{
  "last_close": 14.760000228881836,
  "prev_close": 14.6899995803833,
  "asof": "2025-09-18T00:26:35Z"
}