{
  "last_close": 13.949999809265137,
  "prev_close": 14.100000381469727,
  "asof": "2025-09-18T00:31:12Z"
}