{
  "last_close": 32.599998474121094,
  "prev_close": 32.63999938964844,
  "asof": "2025-09-18T00:55:41Z"
}