{
  "last_close": 61.91999816894531,
  "prev_close": 61.630001068115234,
  "asof": "2025-09-17T23:35:49Z"
}