{
  "last_close": 61.91999816894531,
  "prev_close": 61.630001068115234,
  "asof": "2025-09-18T00:26:53Z"
}