{
  "last_close": 18.889999389648438,
  "prev_close": 18.350000381469727,
  "asof": "2025-09-17T23:38:02Z"
}