{
  "last_close": 18.889999389648438,
  "prev_close": 18.350000381469727,
  "asof": "2025-09-18T00:28:57Z"
}