{
  "last_close": 12.760000228881836,
  "prev_close": 12.619999885559082,
  "asof": "2025-09-17T23:35:00Z"
}