{
  "last_close": 163.6699981689453,
  "prev_close": 162.63999938964844,
  "asof": "2025-09-18T00:31:29Z"
}