{
  "last_close": 106.73999786376953,
  "prev_close": 106.54000091552734,
  "asof": "2025-09-18T00:49:40Z"
}