{
  "last_close": 10.720000267028809,
  "prev_close": 10.579999923706055,
  "asof": "2025-09-18T00:39:07Z"
}