{
  "last_close": 41.20000076293945,
  "prev_close": 42.189998626708984,
  "asof": "2025-09-18T00:55:55Z"
}