{
  "last_close": 37.86000061035156,
  "prev_close": 38.189998626708984,
  "asof": "2025-09-18T00:31:14Z"
}