{
  "last_close": 11.65999984741211,
  "prev_close": 11.770000457763672,
  "asof": "2025-09-18T00:25:54Z"
}