{
  "last_close": 11.65999984741211,
  "prev_close": 11.770000457763672,
  "asof": "2025-09-17T23:34:44Z"
}