{
  "last_close": 106.29000091552734,
  "prev_close": 106.2699966430664,
  "asof": "2025-09-18T00:45:57Z"
}