{
  "last_close": 56.959999084472656,
  "prev_close": 57.15999984741211,
  "asof": "2025-09-18T00:51:00Z"
}