{
  "last_close": 249.69000244140625,
  "prev_close": 251.8300018310547,
  "asof": "2025-09-18T00:48:15Z"
}