{
  "last_close": 136.8300018310547,
  "prev_close": 136.64999389648438,
  "asof": "2025-09-18T00:49:10Z"
}