{
  "last_close": 387.1499938964844,
  "prev_close": 391.3599853515625,
  "asof": "2025-09-18T00:45:07Z"
}