{
  "last_close": 208.30999755859375,
  "prev_close": 209.42999267578125,
  "asof": "2025-09-18T00:56:43Z"
}