{
  "last_close": 67.33999633789062,
  "prev_close": 68.06999969482422,
  "asof": "2025-09-18T00:55:48Z"
}