{
  "last_close": 9.619999885559082,
  "prev_close": 9.5600004196167,
  "asof": "2025-09-18T00:43:15Z"
}