{
  "last_close": 40.540000915527344,
  "prev_close": 40.66999816894531,
  "asof": "2025-09-18T00:28:47Z"
}