{
  "last_close": 40.540000915527344,
  "prev_close": 40.66999816894531,
  "asof": "2025-09-17T23:37:53Z"
}