{
  "last_close": 44.209999084472656,
  "prev_close": 43.7400016784668,
  "asof": "2025-09-17T23:34:33Z"
}