{
  "last_close": 86.36000061035156,
  "prev_close": 87.23999786376953,
  "asof": "2025-09-17T23:35:58Z"
}