{
  "last_close": 86.36000061035156,
  "prev_close": 87.23999786376953,
  "asof": "2025-09-18T00:27:02Z"
}