{
  "last_close": 185.64999389648438,
  "prev_close": 187.64999389648438,
  "asof": "2025-09-18T00:48:04Z"
}