{
  "last_close": 88.86000061035156,
  "prev_close": 87.30999755859375,
  "asof": "2025-09-18T00:33:58Z"
}