{
  "last_close": 60.650001525878906,
  "prev_close": 59.4900016784668,
  "asof": "2025-09-18T00:35:36Z"
}