{
  "last_close": 173.35000610351562,
  "prev_close": 173.5800018310547,
  "asof": "2025-09-18T00:48:37Z"
}