{
  "last_close": 234.8800048828125,
  "prev_close": 219.00999450683594,
  "asof": "2025-09-18T00:51:18Z"
}