{
  "last_close": 100.94000244140625,
  "prev_close": 103.08999633789062,
  "asof": "2025-09-18T00:53:00Z"
}