{
  "last_close": 109.26000213623047,
  "prev_close": 108.69000244140625,
  "asof": "2025-09-18T00:56:37Z"
}