{
  "last_close": 165.91000366210938,
  "prev_close": 165.2100067138672,
  "asof": "2025-09-18T00:55:46Z"
}