{
  "last_close": 38.310001373291016,
  "prev_close": 38.290000915527344,
  "asof": "2025-09-18T00:31:44Z"
}