{
  "last_close": 82.4800033569336,
  "prev_close": 81.38999938964844,
  "asof": "2025-09-18T00:39:26Z"
}