{
  "last_close": 83.5999984741211,
  "prev_close": 84.73999786376953,
  "asof": "2025-09-18T00:26:58Z"
}