{
  "last_close": 83.5999984741211,
  "prev_close": 84.73999786376953,
  "asof": "2025-09-17T23:35:54Z"
}