{
  "last_close": 86.44999694824219,
  "prev_close": 90.30000305175781,
  "asof": "2025-09-17T23:35:52Z"
}