{
  "last_close": 86.95999908447266,
  "prev_close": 87.69999694824219,
  "asof": "2025-09-18T00:53:45Z"
}