{
  "last_close": 215.66000366210938,
  "prev_close": 213.8800048828125,
  "asof": "2025-09-18T00:49:09Z"
}