{
  "last_close": 59.02000045776367,
  "prev_close": 57.95000076293945,
  "asof": "2025-09-17T22:13:20Z"
}