{
  "last_close": 59.02000045776367,
  "prev_close": 57.95000076293945,
  "asof": "2025-09-18T00:31:53Z"
}