{
  "last_close": 33.209999084472656,
  "prev_close": 33.36000061035156,
  "asof": "2025-09-17T23:34:08Z"
}