{
  "last_close": 104.2699966430664,
  "prev_close": 103.41999816894531,
  "asof": "2025-09-18T00:30:43Z"
}