{
  "last_close": 67.94000244140625,
  "prev_close": 68.08999633789062,
  "asof": "2025-09-18T00:55:45Z"
}