{
  "last_close": 105.11000061035156,
  "prev_close": 105.2300033569336,
  "asof": "2025-09-18T00:54:08Z"
}