{
  "last_close": 73.11000061035156,
  "prev_close": 71.41999816894531,
  "asof": "2025-09-18T00:39:03Z"
}