{
  "last_close": 196.61000061035156,
  "prev_close": 196.05999755859375,
  "asof": "2025-09-18T00:26:50Z"
}