{
  "last_close": 196.61000061035156,
  "prev_close": 196.05999755859375,
  "asof": "2025-09-17T23:35:46Z"
}