{
  "last_close": 37.310001373291016,
  "prev_close": 37.29999923706055,
  "asof": "2025-09-18T00:56:18Z"
}