{
  "last_close": 24.489999771118164,
  "prev_close": 24.940000534057617,
  "asof": "2025-09-18T00:54:54Z"
}