{
  "last_close": 123.27999877929688,
  "prev_close": 120.68000030517578,
  "asof": "2025-09-17T23:36:34Z"
}