{
  "last_close": 72.05000305175781,
  "prev_close": 72.11000061035156,
  "asof": "2025-09-18T00:56:36Z"
}