{
  "last_close": 114.83499908447266,
  "prev_close": 112.16000366210938,
  "asof": "2025-09-17T15:59:55Z"
}