{
  "last_close": 114.81649780273438,
  "prev_close": 112.16000366210938,
  "asof": "2025-09-17T16:08:24Z"
}