{
  "last_close": 115.11000061035156,
  "prev_close": 114.68000030517578,
  "asof": "2025-09-17T18:21:18Z"
}