{
  "last_close": 115.29000091552734,
  "prev_close": 114.68000030517578,
  "asof": "2025-09-17T22:12:45Z"
}