{
  "last_close": 19.950000762939453,
  "prev_close": 19.139999389648438,
  "asof": "2025-09-18T00:37:37Z"
}