{
  "last_close": 21.600000381469727,
  "prev_close": 21.450000762939453,
  "asof": "2025-09-17T23:38:20Z"
}