{
  "last_close": 129.72999572753906,
  "prev_close": 135.39999389648438,
  "asof": "2025-09-18T00:47:06Z"
}