{
  "last_close": 140.99000549316406,
  "prev_close": 140.72000122070312,
  "asof": "2025-09-18T00:49:34Z"
}