{
  "last_close": 75.70999908447266,
  "prev_close": 75.77999877929688,
  "asof": "2025-09-18T00:33:07Z"
}