{
  "last_close": 13.880000114440918,
  "prev_close": 13.539999961853027,
  "asof": "2025-09-18T00:48:31Z"
}