{
  "last_close": 27.239999771118164,
  "prev_close": 27.709999084472656,
  "asof": "2025-09-18T00:30:49Z"
}