{
  "last_close": 148.25999450683594,
  "prev_close": 148.00999450683594,
  "asof": "2025-09-17T23:38:06Z"
}