{
  "last_close": 44.689998626708984,
  "prev_close": 44.529998779296875,
  "asof": "2025-09-18T00:27:11Z"
}