{
  "last_close": 90.31999969482422,
  "prev_close": 88.55000305175781,
  "asof": "2025-09-18T00:54:57Z"
}