{
  "last_close": 99.91999816894531,
  "prev_close": 99.12000274658203,
  "asof": "2025-09-18T00:44:29Z"
}