{
  "last_close": 86.30000305175781,
  "prev_close": 85.19999694824219,
  "asof": "2025-09-18T00:51:54Z"
}