{
  "last_close": 279.4599914550781,
  "prev_close": 281.9599914550781,
  "asof": "2025-09-18T00:51:31Z"
}