{
  "last_close": 19.09000015258789,
  "prev_close": 19.399999618530273,
  "asof": "2025-09-18T00:48:20Z"
}