{
  "last_close": 146.92999267578125,
  "prev_close": 147.4600067138672,
  "asof": "2025-09-18T00:43:49Z"
}