{
  "last_close": 47.209999084472656,
  "prev_close": 47.279998779296875,
  "asof": "2025-09-18T00:48:29Z"
}